"Site";"Rio";"Segmento";"Ponto_N";"Bacia";"Trecho";"Habitat";"Data";"Data_txt";"Coleta";"Ponto";"Ref_site";"Especie";"Compr.total_mm";"Compr.padrao_mm";"Altura_mm";"Peso_mg";"Peso_g";"RPC";"Observação.(*)";"Amostra_tipo";"Etiqueta1";"Etiqueta2";"No._Peixe1";"Etiqueta3";"No._Peixe2";"Peso_epp_g";"Peso_úmido_g";"Peso_brânquia_mg";"Fluorescência_rfu_T1";"Fluorescência_rfu_T2";"Fluorescência_rfu_T3";"Fluorescência_rfu_M";"Rodamina_rfu_mg";"Peso_epp_brânquias_g";"Peso_epp_úmido_brânquias_g";"Peso_epp_seco_brânquias_mg";"Peso_úmido_brânquias_mg";"Peso_seco_brânquias_mg";"TH_branquia";"TH_branquia_p";"Peso_epp_músculo_g";"Peso_epp_úmido_músculo_g";"Peso_epp_seco_músculo_mg";"Peso_úmido_músculo_mg";"Peso_seco_músculo_mg";"TH_musculo";"TH_musculo_p";"Proteinas_Totais_mg"
"1-10-1";"B-P10";"Barro Branco";"BarroBranco2";"Ponto10";"Barro Branco";"Barro Branco Baixo";"Rio";45168;"30/08/2023";1;10;4;"Hemigrammus marginatus";30.3;22.2;6.4;218;0.218;0.0215841584158416;NA;"rd";"1-10-1";"1-10-1";"P1-R";"1-10-1";"P1-R";0.9114;0.9318;20.4;1509372;1302144;NA;1405758;68909.705882353;NA;NA;NA;NA;NA;NA;NA;NA;NA;NA;NA;NA;NA;NA;NA
"1-10-2";"B-P10";"Barro Branco";"BarroBranco2";"Ponto10";"Barro Branco";"Barro Branco Baixo";"Rio";45168;"30/08/2023";1;10;4;"Hemigrammus marginatus";24.4;19;4.8;142;0.142;0.0174590163934426;NA;"rd";"1-10-2";"1-10-2";"P2-R";"1-10-2";"P2-R";1.1044;1.1177;13.3;1155805;1113224;NA;1134514.5;85301.8421052632;NA;NA;NA;NA;NA;NA;NA;NA;NA;NA;NA;NA;NA;NA;NA
"1-10-3";"B-P10";"Barro Branco";"BarroBranco2";"Ponto10";"Barro Branco";"Barro Branco Baixo";"Rio";45168;"30/08/2023";1;10;4;"Hemigrammus marginatus";29.1;24.4;6.9;299;0.299;0.0308247422680412;NA;"rd";"1-10-3";"1-10-3";"P3-R";"1-10-3";"P3-R";0.9082;0.9435;35.3;2211777;2737778;NA;2474777.5;70107.0113314448;NA;NA;NA;NA;NA;NA;NA;NA;NA;NA;NA;NA;NA;NA;NA
"1-10-4";"B-P10";"Barro Branco";"BarroBranco2";"Ponto10";"Barro Branco";"Barro Branco Baixo";"Rio";45168;"30/08/2023";1;10;4;"Hemigrammus marginatus";27.5;22.5;6.6;255;0.255;0.0278181818181818;NA;"rd";"1-10-4";"1-10-4";"P1-RV";"1-10-4";"P1-RV";0.9365;0.9392;2.7;2373390;2289160;NA;2331275;NA;NA;NA;NA;NA;NA;NA;NA;NA;NA;NA;NA;NA;NA;NA;NA
"1-10-5";"B-P10";"Barro Branco";"BarroBranco2";"Ponto10";"Barro Branco";"Barro Branco Baixo";"Rio";45168;"30/08/2023";1;10;4;"Astyanax fasciatus";20.9;17.8;4.7;119;0.119;0.0170813397129187;NA;"rd";"1-10-5";"1-10-5";"P2-RV";"1-10-5";"P2-RV";0.9298;0.9305;0.7;1016550;1016550;NA;1016550;NA;NA;NA;NA;NA;NA;NA;NA;NA;NA;NA;NA;NA;NA;NA;NA
"1-10-6";"B-P10";"Barro Branco";"BarroBranco2";"Ponto10";"Barro Branco";"Barro Branco Baixo";"Rio";45168;"30/08/2023";1;10;4;"Astyanax fasciatus";23.3;19.8;5;168;0.168;0.0216309012875536;NA;"xx";"1-10-6";NA;NA;NA;NA;NA;NA;NA;NA;NA;NA;NA;NA;NA;NA;NA;NA;NA;NA;NA;NA;NA;NA;NA;NA;NA;NA;NA
"2-6-1";"B-P06";"Barro Branco";"BarroBranco1";"Ponto6";"Barro Branco";"Barro Branco Médio";"Rio";45210;"11/10/2023";2;6;1;"Hemigrammus unilineatus";35.4;25.4;9.3;363;0.363;0.0307627118644068;NA;"rd";"2-6-1";"2-6-1";"P1";"2-6-1";"P1";0.9483;0.972;23.6999999999999;257542;292409;267521;272490.666666667;11497.4964838256;NA;NA;NA;NA;NA;NA;NA;NA;NA;NA;NA;NA;NA;NA;NA
"2-6-2";"B-P06";"Barro Branco";"BarroBranco1";"Ponto6";"Barro Branco";"Barro Branco Médio";"Rio";45210;"11/10/2023";2;6;1;"Hemigrammus unilineatus";31.8;23.1;8.2;236;0.236;0.0222641509433962;NA;"rd";"2-6-2";"2-6-2";"P2";"2-6-2";"P2";0.9449;0.97;25.1;251446;269553;293736;271578.333333333;10819.8539176627;NA;NA;NA;NA;NA;NA;NA;NA;NA;NA;NA;NA;NA;NA;NA
"2-6-3";"B-P06";"Barro Branco";"BarroBranco1";"Ponto6";"Barro Branco";"Barro Branco Médio";"Rio";45210;"11/10/2023";2;6;1;"Hemigrammus unilineatus";31.5;24.2;8.6;277;0.277;0.0263809523809524;NA;"rd";"2-6-3";"2-6-3";"P3";"2-6-3";"P3";0.9383;0.9652;26.8999999999999;213094;190903;212401;205466;7638.14126394054;NA;NA;NA;NA;NA;NA;NA;NA;NA;NA;NA;NA;NA;NA;NA
"2-6-4";"B-P06";"Barro Branco";"BarroBranco1";"Ponto6";"Barro Branco";"Barro Branco Médio";"Rio";45210;"11/10/2023";2;6;1;"Hemigrammus unilineatus";32;24.2;9.1;297;0.297;0.02784375;NA;"rd";"2-6-4";"2-6-4";"P4";"2-6-4";"P4";0.9404;0.9771;36.7;264832;316609;337429;306290;8345.7765667575;NA;NA;NA;NA;NA;NA;NA;NA;NA;NA;NA;NA;NA;NA;NA
"2-6-5";"B-P06";"Barro Branco";"BarroBranco1";"Ponto6";"Barro Branco";"Barro Branco Médio";"Rio";45210;"11/10/2023";2;6;1;"Hemigrammus unilineatus";32.1;27.4;10.1;459;0.459;0.0428971962616822;NA;"rd";"2-6-5";"2-6-5";"P5";"2-6-5";"P5";0.9616;0.9894;27.7999999999999;470638;503585;537909;504044;18131.0791366907;NA;NA;NA;NA;NA;NA;NA;NA;NA;NA;NA;NA;NA;NA;NA
"2-6-6";"B-P06";"Barro Branco";"BarroBranco1";"Ponto6";"Barro Branco";"Barro Branco Médio";"Rio";45210;"11/10/2023";2;6;1;"Hemigrammus unilineatus";34.7;26.2;9.3;434;0.434;0.037521613832853;NA;"rd";"2-6-6";"2-6-6";"P6";"2-6-6";"P6";0.9524;0.9766;24.2;211754;256153;216485;228130.666666667;9426.8870523416;NA;NA;NA;NA;NA;NA;NA;NA;NA;NA;NA;NA;NA;NA;NA
"AD2-6-1";"B-P06";"Barro Branco";"BarroBranco1";"Ponto6";"Barro Branco";"Barro Branco Médio";"Rio";45210;"11/10/2023";2;6;1;"Hemigrammus unilineatus";32.2;24.6;9.6;320;0.32;0.0298136645962733;NA;"th";"AD2-6-1";"AD2-6-1";"1";NA;"1";NA;NA;NA;NA;NA;NA;NA;NA;"1.1568000000000001";"1.1677";"1.1577";"1.09E-2";"8.9999999999999998E-4";"0.91743119269999995";"91.743119269999994";"1.149";"1.1952";"1.1572";"4.6199999999999998E-2";"8.2000000000000007E-3";"0.82251082249999996";"82.251082249999996";29.935
"AD2-6-2";"B-P06";"Barro Branco";"BarroBranco1";"Ponto6";"Barro Branco";"Barro Branco Médio";"Rio";45210;"11/10/2023";2;6;1;"Hemigrammus unilineatus";35.4;33.2;9.2;244;0.244;0.0206779661016949;NA;"th";"AD2-6-2";"AD2-6-2";"2";NA;"2";NA;NA;NA;NA;NA;NA;NA;NA;"0.9486";"0.9718";"0.95209999999999995";"2.3199999999999998E-2";"3.5000000000000001E-3";"0.84913793100000001";"84.913793100000007";"0.91700000000000004";"0.93579999999999997";"0.92020000000000002";"1.8800000000000001E-2";"3.2000000000000002E-3";"0.82978723399999998";"82.978723400000007";32.38
"AD2-6-3";"B-P06";"Barro Branco";"BarroBranco1";"Ponto6";"Barro Branco";"Barro Branco Médio";"Rio";45210;"11/10/2023";2;6;1;"Hemigrammus unilineatus";49.1;29.2;11;476;0.476;0.0290835030549898;NA;"th";"AD2-6-3";"AD2-6-3";"3";NA;"3";NA;NA;NA;NA;NA;NA;NA;NA;"0.9526";"0.96109999999999995";"0.95340000000000003";"8.5000000000000006E-3";"8.0000000000000004E-4";"0.90588235289999997";"90.58823529";"0.95650000000000002";"0.98509999999999998";"0.9607";"2.86E-2";"4.1999999999999997E-3";"0.85314685310000005";"85.314685310000002";32.735
"AD2-6-4";"B-P06";"Barro Branco";"BarroBranco1";"Ponto6";"Barro Branco";"Barro Branco Médio";"Rio";45210;"11/10/2023";2;6;1;"Hemigrammus unilineatus";33.3;25;8.5;258;0.258;0.0232432432432432;NA;"th";"AD2-6-4";"AD2-6-4";"4";NA;"4";NA;NA;NA;NA;NA;NA;NA;NA;"0.9446";"0.95520000000000005";"0.94520000000000004";"1.06E-2";"5.9999999999999995E-4";"0.94339622639999998";"94.339622640000002";"0.95479999999999998";"1.0118";"0.96499999999999997";"5.7000000000000002E-2";"1.0200000000000001E-2";"0.82105263159999997";"82.105263160000007";32.785
"AD2-6-5";"B-P06";"Barro Branco";"BarroBranco1";"Ponto6";"Barro Branco";"Barro Branco Médio";"Rio";45210;"11/10/2023";2;6;1;"Hemigrammus unilineatus";35.4;27.2;9.4;288;0.288;0.0244067796610169;NA;"th";"AD2-6-5";"AD2-6-5";"5";NA;"5";NA;NA;NA;NA;NA;NA;NA;NA;"0.94930000000000003";"0.95809999999999995";"0.95020000000000004";"8.8000000000000005E-3";"8.9999999999999998E-4";"0.89772727269999997";"89.772727270000004";"0.96199999999999997";"1.0048999999999999";"0.96970000000000001";"4.2900000000000001E-2";"7.7000000000000002E-3";"0.82051282049999996";"82.051282049999998";21.185
"AD2-6-6";"B-P06";"Barro Branco";"BarroBranco1";"Ponto6";"Barro Branco";"Barro Branco Médio";"Rio";45210;"11/10/2023";2;6;1;"Hemigrammus unilineatus";33.3;25.2;10.2;393;0.393;0.0354054054054054;NA;"th";"AD2-6-6";"AD2-6-6";"6";NA;"6";NA;NA;NA;NA;NA;NA;NA;NA;"0.96719999999999995";"0.98180000000000001";"0.96909999999999996";"1.46E-2";"1.9E-3";"0.86986301369999997";"86.986301370000007";"0.93940000000000001";"1.0052000000000001";"0.95550000000000002";"6.5799999999999997E-2";"1.61E-2";"0.75531914889999996";"75.531914889999996";17.985
"2-7-1";"B-P07";"Barro Branco";"BarroBranco1";"Ponto7";"Barro Branco";"Barro Branco Médio";"Rio";45210;"11/10/2023";2;7;1;"Hemigrammus unilineatus";32;24.5;8.3;274;0.274;0.0256875;NA;"rd";"2-7-1";"2-7-1";"P1";"2-7-1";"P1";0.9317;0.9697;38;227070;247155;259172;244465.666666667;6433.30701754385;NA;NA;NA;NA;NA;NA;NA;NA;NA;NA;NA;NA;NA;NA;NA
"2-7-2";"B-P07";"Barro Branco";"BarroBranco1";"Ponto7";"Barro Branco";"Barro Branco Médio";"Rio";45210;"11/10/2023";2;7;1;"Hemigrammus unilineatus";26.9;21.7;6.8;159;0.159;0.0177323420074349;NA;"rd";"2-7-2";"2-7-2";"P2";"2-7-2";"P2";0.9285;0.9506;22.1;163503;169539;198424;177155.333333333;8016.07843137255;NA;NA;NA;NA;NA;NA;NA;NA;NA;NA;NA;NA;NA;NA;NA
"2-7-3";"B-P07";"Barro Branco";"BarroBranco1";"Ponto7";"Barro Branco";"Barro Branco Médio";"Rio";45210;"11/10/2023";2;7;1;"Hemigrammus unilineatus";30;27.5;9.1;355;0.355;0.0355;NA;"rd";"2-7-3";"2-7-3";"P3";"2-7-3";"P3";0.9382;0.9645;26.3;410772;410076;359675;393507.666666667;14962.2686945501;NA;NA;NA;NA;NA;NA;NA;NA;NA;NA;NA;NA;NA;NA;NA
"AD2-7-1";"B-P07";"Barro Branco";"BarroBranco1";"Ponto7";"Barro Branco";"Barro Branco Médio";"Rio";45210;"11/10/2023";2;7;1;"Hemigrammus unilineatus";34.2;29.5;11.8;523;0.523;0.0458771929824561;NA;"th";"AD2-7-1";"AD2-7-1";"1";NA;"1";NA;NA;NA;NA;NA;NA;NA;NA;NA;NA;NA;NA;NA;NA;NA;"0.93979999999999997";"0.95199999999999996";"0.94169999999999998";"1.2200000000000001E-2";"1.9E-3";"0.84426229509999995";"84.426229509999999";33.18
"AD2-7-2";"B-P07";"Barro Branco";"BarroBranco1";"Ponto7";"Barro Branco";"Barro Branco Médio";"Rio";45210;"11/10/2023";2;7;1;"Hemigrammus unilineatus";37.6;30.4;10.6;520;0.52;0.0414893617021277;NA;"th";"AD2-7-2";"AD2-7-2";"2";NA;"2";NA;NA;NA;NA;NA;NA;NA;NA;"0.95940000000000003";"0.97599999999999998";"0.96199999999999997";"1.66E-2";"2.5999999999999999E-3";"0.84337349399999995";"84.337349399999994";"0.95040000000000002";"0.96909999999999996";"0.95389999999999997";"1.8700000000000001E-2";"3.5000000000000001E-3";"0.81283422459999999";"81.283422459999997";34.315
"AD2-7-3";"B-P07";"Barro Branco";"BarroBranco1";"Ponto7";"Barro Branco";"Barro Branco Médio";"Rio";45210;"11/10/2023";2;7;1;"Hemigrammus unilineatus";33.7;23.8;8.6;289;0.289;0.025727002967359;NA;"th";"AD2-7-3";"AD2-7-3";"3";NA;"3";NA;NA;NA;NA;NA;NA;NA;NA;"0.95909999999999995";"0.96750000000000003";"0.95940000000000003";"8.3999999999999995E-3";"2.9999999999999997E-4";"0.96428571429999999";"96.428571430000005";"0.95289999999999997";"0.97950000000000004";"0.95750000000000002";"2.6599999999999999E-2";"4.5999999999999999E-3";"0.82706766919999997";"82.706766920000007";35.635
"3-5-1";"B-P05";"Barro Branco";"BarroBranco1";"Ponto5";"Barro Branco";"Barro Branco Médio";"Rio";45231;"11/10/2023";2;5;1;"Hemigrammus unilineatus";23.3;20.5;7.7;168;0.168;0.0216309012875536;NA;"rd";"3-5-1";"3-5-1";"P1";"3-5-1";"P1";0.9007;0.9035;2.80000000000002;250474;261958;299509;270647;96659.642857142;NA;NA;NA;NA;NA;NA;NA;NA;NA;NA;NA;NA;NA;NA;NA
"3-5-2";"B-P05";"Barro Branco";"BarroBranco1";"Ponto5";"Barro Branco";"Barro Branco Médio";"Rio";45231;"11/10/2023";2;5;1;"Hemigrammus unilineatus";27.7;22;8.1;213;0.213;0.0230685920577617;NA;"rd";"3-5-2";"3-5-2";"P2";"3-5-2";"P2";0.9059;0.9097;3.79999999999991;244377;254353;242049;246926.333333333;64980.6140350892;NA;NA;NA;NA;NA;NA;NA;NA;NA;NA;NA;NA;NA;NA;NA
"3-5-3";"B-P05";"Barro Branco";"BarroBranco1";"Ponto5";"Barro Branco";"Barro Branco Médio";"Rio";45231;"11/10/2023";2;5;1;"Hemigrammus unilineatus";23.3;18.5;6.8;112;0.112;0.0144206008583691;NA;"rd";"3-5-3";"3-5-3";"P3";"3-5-3";"P3";0.9145;0.9245;10;345739;392535;389696;375990;37599;NA;NA;NA;NA;NA;NA;NA;NA;NA;NA;NA;NA;NA;NA;NA
"3-5-4";"B-P05";"Barro Branco";"BarroBranco1";"Ponto5";"Barro Branco";"Barro Branco Médio";"Rio";45231;"11/10/2023";2;5;1;"Hemigrammus unilineatus";32.2;27.1;9.5;348;0.348;0.0324223602484472;NA;"rd";"3-5-4";"3-5-4";"P4";"3-5-4";"P4";0.9225;0.9323;9.80000000000003;268091;272079;268572;269580.666666667;27508.2312925169;NA;NA;NA;NA;NA;NA;NA;NA;NA;NA;NA;NA;NA;NA;NA
"3-5-5";"B-P05";"Barro Branco";"BarroBranco1";"Ponto5";"Barro Branco";"Barro Branco Médio";"Rio";45231;"11/10/2023";2;5;1;"Hemigrammus unilineatus";30.5;25.6;10;370;0.37;0.0363934426229508;NA;"rd";"3-5-5";"3-5-5";"P5";"3-5-5";"P5";0.9134;0.9367;23.3;441968;488506;464912;465128.666666667;19962.6037195994;NA;NA;NA;NA;NA;NA;NA;NA;NA;NA;NA;NA;NA;NA;NA
"3-5-6";"B-P05";"Barro Branco";"BarroBranco1";"Ponto5";"Barro Branco";"Barro Branco Médio";"Rio";45231;"11/10/2023";2;5;1;"Hemigrammus unilineatus";18;16.6;6.1;110;0.11;0.0183333333333333;NA;"rd";"3-5-6";"3-5-6";"P6";"3-5-6";"P6";0.9222;0.9264;4.19999999999998;295265;280709;285799;287257.666666667;68394.6825396828;NA;NA;NA;NA;NA;NA;NA;NA;NA;NA;NA;NA;NA;NA;NA
"3-5-7";"B-P05";"Barro Branco";"BarroBranco1";"Ponto5";"Barro Branco";"Barro Branco Médio";"Rio";45231;"11/10/2023";2;5;1;"Hemigrammus unilineatus";19.8;17.7;6;95;0.095;0.0143939393939394;NA;"rd";"3-5-7";"3-5-7";"P7";"3-5-7";"P7";0.9343;0.9388;4.49999999999995;276034;328860;289566;298153.333333333;66256.296296297;NA;NA;NA;NA;NA;NA;NA;NA;NA;NA;NA;NA;NA;NA;NA
"3-5-8";"B-P05";"Barro Branco";"BarroBranco1";"Ponto5";"Barro Branco";"Barro Branco Médio";"Rio";45231;"11/10/2023";2;5;1;"Hemigrammus unilineatus";26.6;22.2;8.3;220;0.22;0.024812030075188;NA;"rd";"3-5-8";"3-5-8";"P8";"3-5-8";"P8";0.9097;0.9175;7.80000000000003;273350;263885;254570;263935;33837.8205128204;NA;NA;NA;NA;NA;NA;NA;NA;NA;NA;NA;NA;NA;NA;NA
"3-5-9";"B-P05";"Barro Branco";"BarroBranco1";"Ponto5";"Barro Branco";"Barro Branco Médio";"Rio";45231;"11/10/2023";2;5;1;"Hemigrammus unilineatus";26.1;22.2;7.2;192;0.192;0.0220689655172414;NA;"rd";"3-5-9";"3-5-9";"P9";"3-5-9";"P9";0.9119;0.9186;6.69999999999993;286191;280612;288015;284939.333333333;42528.2587064681;NA;NA;NA;NA;NA;NA;NA;NA;NA;NA;NA;NA;NA;NA;NA
"3-5-10";"B-P05";"Barro Branco";"BarroBranco1";"Ponto5";"Barro Branco";"Barro Branco Médio";"Rio";45231;"11/10/2023";2;5;1;"Hemigrammus unilineatus";26.1;22.2;8;197;0.197;0.0226436781609195;NA;"rd";"3-5-10";"3-5-10";"P10";"3-5-10";"P10";0.9204;0.9273;6.90000000000002;344717;354754;335233;344901.333333333;49985.7004830917;NA;NA;NA;NA;NA;NA;NA;NA;NA;NA;NA;NA;NA;NA;NA
"3-5-11";"B-P05";"Barro Branco";"BarroBranco1";"Ponto5";"Barro Branco";"Barro Branco Médio";"Rio";45231;"11/10/2023";2;5;1;"Hemigrammus unilineatus";25.2;21.6;8.2;211;0.211;0.0251190476190476;NA;"rd";"3-5-11";"3-5-11";"P11";"3-5-11";"P11";0.9131;0.9216;8.49999999999995;285992;301265;304861;297372.666666667;34985.0196078433;NA;NA;NA;NA;NA;NA;NA;NA;NA;NA;NA;NA;NA;NA;NA
"3-5-12";"B-P05";"Barro Branco";"BarroBranco1";"Ponto5";"Barro Branco";"Barro Branco Médio";"Rio";45231;"11/10/2023";2;5;1;"Hemigrammus unilineatus";25.4;23.3;8.4;248;0.248;0.0292913385826772;NA;"rd";"3-5-12";"3-5-12";"P12";"3-5-12";"P12";0.9159;0.9252;9.29999999999998;371616;381711;372312;375213;40345.4838709678;NA;NA;NA;NA;NA;NA;NA;NA;NA;NA;NA;NA;NA;NA;NA
"3-5-13";"B-P05";"Barro Branco";"BarroBranco1";"Ponto5";"Barro Branco";"Barro Branco Médio";"Rio";45231;"11/10/2023";2;5;1;"Hemigrammus unilineatus";29.1;22.7;8.3;233;0.233;0.024020618556701;NA;"rd";"3-5-13";"3-5-13";"P13";"3-5-13";"P13";0.912;0.922;10;340551;376990;383779;367106.666666667;36710.6666666666;NA;NA;NA;NA;NA;NA;NA;NA;NA;NA;NA;NA;NA;NA;NA
"3-5-14";"B-P05";"Barro Branco";"BarroBranco1";"Ponto5";"Barro Branco";"Barro Branco Médio";"Rio";45231;"11/10/2023";2;5;1;"Hemigrammus unilineatus";24.4;32.1;9.8;269;0.269;0.0330737704918033;NA;"rd";"3-5-14";"3-5-14";"P14";"3-5-14";"P14";1.1086;1.1209;12.3;297407;298116;333865;309796;25186.6666666667;NA;NA;NA;NA;NA;NA;NA;NA;NA;NA;NA;NA;NA;NA;NA
"3-5-15";"B-P05";"Barro Branco";"BarroBranco1";"Ponto5";"Barro Branco";"Barro Branco Médio";"Rio";45231;"11/10/2023";2;5;1;"Hemigrammus unilineatus";32.4;25.2;9.1;340;0.34;0.0314814814814815;NA;"rd";"3-5-15";"3-5-15";"P15";"3-5-15";"P15";0.9083;0.9211;12.8;176708;230666;215853;207742.333333333;16229.8697916666;NA;NA;NA;NA;NA;NA;NA;NA;NA;NA;NA;NA;NA;NA;NA
"3-5-16";"B-P05";"Barro Branco";"BarroBranco1";"Ponto5";"Barro Branco";"Barro Branco Médio";"Rio";45231;"11/10/2023";2;5;1;"Hemigrammus unilineatus";31.5;25;9.4;336;0.336;0.032;NA;"rd";"3-5-16";"3-5-16";"P16";"3-5-16";"P16";1.109;1.1219;12.8999999999999;327158;328469;330627;328751.333333333;25484.5994832043;NA;NA;NA;NA;NA;NA;NA;NA;NA;NA;NA;NA;NA;NA;NA
"3-5-17";"B-P05";"Barro Branco";"BarroBranco1";"Ponto5";"Barro Branco";"Barro Branco Médio";"Rio";45231;"11/10/2023";2;5;1;"Hemigrammus unilineatus";34.1;27.8;10.1;454;0.454;0.039941348973607;NA;"rd";"3-5-17";"3-5-17";"P17";"3-5-17";"P17";0.9129;0.9305;17.5999999999999;348765;360740;386365;365290;20755.1136363637;NA;NA;NA;NA;NA;NA;NA;NA;NA;NA;NA;NA;NA;NA;NA
"3-5-18";"B-P05";"Barro Branco";"BarroBranco1";"Ponto5";"Barro Branco";"Barro Branco Médio";"Rio";45231;"11/10/2023";2;5;1;"Hemigrammus unilineatus";34.1;28.3;10.3;414;0.414;0.0364222873900293;NA;"rd";"3-5-18";"3-5-18";"P18";"3-5-18";"P18";0.9203;0.9361;15.8;303477;306795;299378;303216.666666667;19190.9282700421;NA;NA;NA;NA;NA;NA;NA;NA;NA;NA;NA;NA;NA;NA;NA
"3-5-19";"B-P05";"Barro Branco";"BarroBranco1";"Ponto5";"Barro Branco";"Barro Branco Médio";"Rio";45231;"11/10/2023";2;5;1;"Hemigrammus unilineatus";38.1;29;11.1;558;0.558;0.0439370078740157;NA;"rd";"3-5-19";"3-5-19";"P19";"3-5-19";"P19";0.9168;0.9361;19.3000000000001;358717;376902;370898;368839;19110.8290155439;NA;NA;NA;NA;NA;NA;NA;NA;NA;NA;NA;NA;NA;NA;NA
"3-5-20";"B-P05";"Barro Branco";"BarroBranco1";"Ponto5";"Barro Branco";"Barro Branco Médio";"Rio";45231;"11/10/2023";2;5;1;"Hemigrammus unilineatus";42.6;31.3;12.2;623;0.623;0.0438732394366197;NA;"rd";"3-5-20";"3-5-20";"P20";"3-5-20";"P20";0.9169;0.9325;15.5999999999999;339817;326293;373553;346554.333333333;22215.0213675214;NA;NA;NA;NA;NA;NA;NA;NA;NA;NA;NA;NA;NA;NA;NA
"AD3-5-1";"B-P05";"Barro Branco";"BarroBranco1";"Ponto5";"Barro Branco";"Barro Branco Médio";"Rio";45231;"11/10/2023";2;5;1;"Hemigrammus unilineatus";41.7;30.1;12.7;533;0.533;0.0383453237410072;NA;"th";"AD3-5-1";"AD3-5-1";"1";"AD3-5-1";"1";NA;NA;NA;NA;NA;NA;NA;NA;"0.9073";"0.92559999999999998";"0.91120000000000001";"1.83E-2";"3.8999999999999998E-3";"0.78688524589999997";"78.68852459";"0.92859999999999998";"0.94320000000000004";"0.92979999999999996";"1.46E-2";"1.1999999999999999E-3";"0.9178082192";"91.780821919999994";33.785
"AD3-5-2";"B-P05";"Barro Branco";"BarroBranco1";"Ponto5";"Barro Branco";"Barro Branco Médio";"Rio";45231;"11/10/2023";2;5;1;"Hemigrammus unilineatus";38.8;27.4;11.6;440;0.44;0.034020618556701;NA;"th";"AD3-5-2";"AD3-5-2";"2";"AD3-5-2";"2";NA;NA;NA;NA;NA;NA;NA;NA;"0.91100000000000003";"0.92369999999999997";"0.91359999999999997";"1.2699999999999999E-2";"2.5999999999999999E-3";"0.79527559059999997";"79.527559060000002";"1.1000000000000001";"1.1228";"1.1053999999999999";"2.2800000000000001E-2";"5.4000000000000003E-3";"0.76315789469999995";"76.315789469999999";NA
"AD3-5-3";"B-P05";"Barro Branco";"BarroBranco1";"Ponto5";"Barro Branco";"Barro Branco Médio";"Rio";45231;"11/10/2023";2;5;1;"Hemigrammus unilineatus";38.7;30.7;10.5;426;0.426;0.0330232558139535;NA;"th";"AD3-5-3";"AD3-5-3";"3";"AD3-5-3";"3";NA;NA;NA;NA;NA;NA;NA;NA;"0.92830000000000001";"0.93520000000000003";"0.92889999999999995";"6.8999999999999999E-3";"5.9999999999999995E-4";"0.91304347829999999";"91.304347829999998";"0.92830000000000001";"0.96550000000000002";"0.93610000000000004";"3.7199999999999997E-2";"7.7999999999999996E-3";"0.79032258060000005";"79.032258060000004";33.905
"AD3-5-4";"B-P05";"Barro Branco";"BarroBranco1";"Ponto5";"Barro Branco";"Barro Branco Médio";"Rio";45231;"11/10/2023";2;5;1;"Hemigrammus unilineatus";34.5;26.3;10.1;366;0.366;0.0318260869565217;NA;"th";"AD3-5-4";"AD3-5-4";"4";"AD3-5-4";"4";NA;NA;NA;NA;NA;NA;NA;NA;"erro";"erro";"erro";"erro";"erro";"erro";"erro";"1.1026";"1.1337999999999999";"1.1091";"3.1199999999999999E-2";"6.4999999999999997E-3";"0.79166666669999997";"79.166666669999998";NA
"AD3-5-5";"B-P05";"Barro Branco";"BarroBranco1";"Ponto5";"Barro Branco";"Barro Branco Médio";"Rio";45231;"11/10/2023";2;5;1;"Hemigrammus unilineatus";28.5;20.6;7.6;157;0.157;0.0165263157894737;NA;"th";"AD3-5-5";"AD3-5-5";"5";"AD3-5-5";"5";NA;NA;NA;NA;NA;NA;NA;NA;"0.91549999999999998";"0.91869999999999996";"0.91610000000000003";"3.2000000000000002E-3";"5.9999999999999995E-4";"0.8125";"81.25";"0.91139999999999999";"0.92500000000000004";"0.91420000000000001";"1.3599999999999999E-2";"2.8E-3";"0.79411764709999999";"79.41176471";NA
"AD3-5-6";"B-P05";"Barro Branco";"BarroBranco1";"Ponto5";"Barro Branco";"Barro Branco Médio";"Rio";45231;"11/10/2023";2;5;1;"Hemigrammus unilineatus";37.5;28.6;10.3;422;0.422;0.03376;NA;"th";"AD3-5-6";"AD3-5-6";"6";"AD3-5-6";"6";NA;NA;NA;NA;NA;NA;NA;NA;"0.89890000000000003";"0.91259999999999997";"0.90149999999999997";"1.37E-2";"2.5999999999999999E-3";"0.81021897809999999";"81.021897809999999";"0.90820000000000001";"0.95669999999999999";"0.91879999999999995";"4.8500000000000001E-2";"1.06E-2";"0.78144329899999998";"78.144329900000002";NA
"AD3-5-7";"B-P05";"Barro Branco";"BarroBranco1";"Ponto5";"Barro Branco";"Barro Branco Médio";"Rio";45231;"11/10/2023";2;5;1;"Hemigrammus unilineatus";31.4;23.2;8.8;220;0.22;0.0210191082802548;NA;"th";"AD3-5-7";"AD3-5-7";"7";"AD3-5-7";"7";NA;NA;NA;NA;NA;NA;NA;NA;"0.90469999999999995";"0.91049999999999998";"0.90569999999999995";"5.7999999999999996E-3";"1E-3";"0.82758620689999995";"82.758620690000001";"1.1012999999999999";"1.1164000000000001";"1.1043000000000001";"1.5100000000000001E-2";"3.0000000000000001E-3";"0.80132450330000005";"80.132450329999998";NA
"AD3-5-8";"B-P05";"Barro Branco";"BarroBranco1";"Ponto5";"Barro Branco";"Barro Branco Médio";"Rio";45231;"11/10/2023";2;5;1;"Hemigrammus unilineatus";35.3;27.2;10;350;0.35;0.0297450424929178;NA;"th";"AD3-5-8";"AD3-5-8";"8";"AD3-5-8";"8";NA;NA;NA;NA;NA;NA;NA;NA;"0.90369999999999995";"0.90949999999999998";"0.90429999999999999";"5.7999999999999996E-3";"5.9999999999999995E-4";"0.89655172409999995";"89.655172410000006";"0.91549999999999998";"0.93149999999999999";"0.91879999999999995";"1.6E-2";"3.3E-3";"0.79374999999999996";"79.375";32.9
"AD3-5-9";"B-P05";"Barro Branco";"BarroBranco1";"Ponto5";"Barro Branco";"Barro Branco Médio";"Rio";45231;"11/10/2023";2;5;1;"Hemigrammus unilineatus";31.5;20.3;7.3;105;0.105;0.01;NA;"th";"AD3-5-9";"AD3-5-9";"9";"AD3-5-9";"9";NA;NA;NA;NA;NA;NA;NA;NA;"0.91279999999999994";"0.91649999999999998";"0.91359999999999997";"3.7000000000000002E-3";"8.0000000000000004E-4";"0.78378378380000002";"78.378378380000001";"0.92279999999999995";"0.93300000000000005";"0.92490000000000006";"1.0200000000000001E-2";"2.0999999999999999E-3";"0.79411764709999999";"79.41176471";NA
"3-6-1";"B-P06";"Barro Branco";"BarroBranco1";"Ponto6";"Barro Branco";"Barro Branco Médio";"Rio";45231;"11/10/2023";2;6;1;"Hemigrammus unilineatus";31.4;24.4;8.3;222;0.222;0.0212101910828025;NA;"rd";"3-6-1";"3-6-1";"P1";"3-6-1";"P1";0.908;0.9296;21.6;507687;487402;495869;496986;23008.6111111112;NA;NA;NA;NA;NA;NA;NA;NA;NA;NA;NA;NA;NA;NA;NA
"3-6-2";"B-P06";"Barro Branco";"BarroBranco1";"Ponto6";"Barro Branco";"Barro Branco Médio";"Rio";45231;"11/10/2023";2;6;1;"Hemigrammus unilineatus";30;25.3;8.5;220;0.22;0.022;NA;"rd";"3-6-2";"3-6-2";"P2";"3-6-2";"P2";0.9176;0.9372;19.6000000000001;490184;516422;545478;517361.333333333;26395.9863945577;NA;NA;NA;NA;NA;NA;NA;NA;NA;NA;NA;NA;NA;NA;NA
"3-6-3";"B-P06";"Barro Branco";"BarroBranco1";"Ponto6";"Barro Branco";"Barro Branco Médio";"Rio";45231;"11/10/2023";2;6;1;"Hemigrammus unilineatus";32.6;24.7;9.7;282;0.282;0.0259509202453988;NA;"rd";"3-6-3";"3-6-3";"P3";"3-6-3";"P3";0.9261;0.9607;34.6;425426;402502;450479;426135.666666667;12316.0597302505;NA;NA;NA;NA;NA;NA;NA;NA;NA;NA;NA;NA;NA;NA;NA
"3-6-4";"B-P06";"Barro Branco";"BarroBranco1";"Ponto6";"Barro Branco";"Barro Branco Médio";"Rio";45231;"11/10/2023";2;6;1;"Hemigrammus unilineatus";35.1;26.1;9.2;361;0.361;0.0308547008547009;NA;"rd";"3-6-4";"3-6-4";"P4";"3-6-4";"P4";0.9122;0.9431;30.9;255548;257556;279904;264336;8554.56310679611;NA;NA;NA;NA;NA;NA;NA;NA;NA;NA;NA;NA;NA;NA;NA
"3-6-5";"B-P06";"Barro Branco";"BarroBranco1";"Ponto6";"Barro Branco";"Barro Branco Médio";"Rio";45231;"11/10/2023";2;6;1;"Hemigrammus unilineatus";31.1;24.1;8.7;229;0.229;0.0220900321543408;NA;"rd";"3-6-5";"3-6-5";"P5";"3-6-5";"P5";0.9121;0.9222;10.1;331783;312081;306706;316856.666666667;31371.9471947195;NA;NA;NA;NA;NA;NA;NA;NA;NA;NA;NA;NA;NA;NA;NA
"3-6-6";"B-P06";"Barro Branco";"BarroBranco1";"Ponto6";"Barro Branco";"Barro Branco Médio";"Rio";45231;"11/10/2023";2;6;1;"Hemigrammus unilineatus";24.1;23.3;8.1;226;0.226;0.0281327800829876;NA;"rd";"3-6-6";"3-6-6";"P6";"3-6-6";"P6";0.91;0.9208;10.7999999999999;264268;297234;276355;279285.666666667;25859.7839506175;NA;NA;NA;NA;NA;NA;NA;NA;NA;NA;NA;NA;NA;NA;NA
"3-6-7";"B-P06";"Barro Branco";"BarroBranco1";"Ponto6";"Barro Branco";"Barro Branco Médio";"Rio";45231;"11/10/2023";2;6;1;"Hemigrammus unilineatus";29.6;22.2;7.6;198;0.198;0.0200675675675676;NA;"rd";"3-6-7";"3-6-7";"P7";"3-6-7";"P7";0.9124;0.9459;33.5;553473;583071;628985;588509.666666667;17567.4527363184;NA;NA;NA;NA;NA;NA;NA;NA;NA;NA;NA;NA;NA;NA;NA
"3-6-8";"B-P06";"Barro Branco";"BarroBranco1";"Ponto6";"Barro Branco";"Barro Branco Médio";"Rio";45231;"11/10/2023";2;6;1;"Hemigrammus unilineatus";35.1;26.1;9.1;314;0.314;0.0268376068376068;NA;"rd";"3-6-8";"3-6-8";"P8";"3-6-8";"P8";0.9156;0.9526;37;464452;572318;525096;520622;14070.8648648649;NA;NA;NA;NA;NA;NA;NA;NA;NA;NA;NA;NA;NA;NA;NA
"3-6-9";"B-P06";"Barro Branco";"BarroBranco1";"Ponto6";"Barro Branco";"Barro Branco Médio";"Rio";45231;"11/10/2023";2;6;1;"Hemigrammus unilineatus";35.3;26.3;9.7;291;0.291;0.0247308781869688;NA;"rd";"3-6-9";"3-6-9";"P9";"3-6-9";"P9";0.9212;0.931;9.80000000000003;368725;252763;250726;290738;29667.1428571428;NA;NA;NA;NA;NA;NA;NA;NA;NA;NA;NA;NA;NA;NA;NA
"AD3-6-1";"B-P06";"Barro Branco";"BarroBranco1";"Ponto6";"Barro Branco";"Barro Branco Médio";"Rio";45231;"11/10/2023";2;6;1;"Hemigrammus unilineatus";39;30.3;9.5;473;0.473;0.0363846153846154;NA;"th";"AD3-6-1";"AD3-6-1";"1";"AD3-6-1";"1";NA;NA;NA;NA;NA;NA;NA;NA;"0.93620000000000003";"0.94489999999999996";"0.93869999999999998";"8.6999999999999994E-3";"2.5000000000000001E-3";"0.71264367819999996";"71.264367820000004";"0.92730000000000001";"0.96519999999999995";"0.93600000000000005";"3.7900000000000003E-2";"8.6999999999999994E-3";"0.77044854880000002";"77.044854880000003";35.24
"AD3-6-2";"B-P06";"Barro Branco";"BarroBranco1";"Ponto6";"Barro Branco";"Barro Branco Médio";"Rio";45231;"11/10/2023";2;6;1;"Hemigrammus unilineatus";44.1;33.5;12;696;0.696;0.0473469387755102;NA;"th";"AD3-6-2";"AD3-6-2";"2";"AD3-6-2";"2";NA;NA;NA;NA;NA;NA;NA;NA;"0.91900000000000004";"0.93269999999999997";"0.92179999999999995";"1.37E-2";"2.8E-3";"0.79562043800000004";"79.562043799999998";"0.9163";"0.94340000000000002";"0.92220000000000002";"2.7099999999999999E-2";"5.8999999999999999E-3";"0.78228782289999999";"78.228782289999998";28.655
"AD3-6-3";"B-P06";"Barro Branco";"BarroBranco1";"Ponto6";"Barro Branco";"Barro Branco Médio";"Rio";45231;"11/10/2023";2;6;1;"Hemigrammus unilineatus";36.1;28.4;9.5;359;0.359;0.0298337950138504;NA;"th";"AD3-6-3";"AD3-6-3";"3";"AD3-6-3";"3";NA;NA;NA;NA;NA;NA;NA;NA;"0.90849999999999997";"0.91439999999999999";"0.90980000000000005";"5.8999999999999999E-3";"1.2999999999999999E-3";"0.7796610169";"77.966101690000002";"1.1351";"1.1691";"1.1415999999999999";"3.4000000000000002E-2";"6.4999999999999997E-3";"0.80882352940000002";"80.882352940000004";NA
"AD3-6-4";"B-P06";"Barro Branco";"BarroBranco1";"Ponto6";"Barro Branco";"Barro Branco Médio";"Rio";45231;"11/10/2023";2;6;1;"Hemigrammus unilineatus";36.7;28.6;9.6;365;0.365;0.0298365122615804;NA;"th";"AD3-6-4";"AD3-6-4";"4";"AD3-6-4";"4";NA;NA;NA;NA;NA;NA;NA;NA;"1.1177999999999999";"1.1273";"1.1198999999999999";"9.4999999999999998E-3";"2.0999999999999999E-3";"0.77894736840000001";"77.894736839999993";"1.0998000000000001";"1.1426000000000001";"1.1089";"4.2799999999999998E-2";"9.1000000000000004E-3";"0.78738317759999998";"78.738317760000001";32.095
"AD3-6-5";"B-P06";"Barro Branco";"BarroBranco1";"Ponto6";"Barro Branco";"Barro Branco Médio";"Rio";45231;"11/10/2023";2;6;1;"Hemigrammus unilineatus";41.6;39.5;11;457;0.457;0.0329567307692308;NA;"th";"AD3-6-5";"AD3-6-5";"5";"AD3-6-5";"5";NA;NA;NA;NA;NA;NA;NA;NA;"0.93220000000000003";"0.94699999999999995";"0.93469999999999998";"1.4800000000000001E-2";"2.5000000000000001E-3";"0.83108108110000001";"83.108108110000003";"0.93159999999999998";"0.97629999999999995";"0.94069999999999998";"4.4699999999999997E-2";"9.1000000000000004E-3";"0.79642058169999996";"79.642058169999999";31.925
"AD3-6-6";"B-P06";"Barro Branco";"BarroBranco1";"Ponto6";"Barro Branco";"Barro Branco Médio";"Rio";45231;"11/10/2023";2;6;1;"Hemigrammus unilineatus";31;23.4;8.6;190;0.19;0.0183870967741935;NA;"th";"AD3-6-6";"AD3-6-6";"6";"AD3-6-6";"6";NA;NA;NA;NA;NA;NA;NA;NA;"0.91420000000000001";"0.91859999999999997";"0.91479999999999995";"4.4000000000000003E-3";"5.9999999999999995E-4";"0.86363636359999996";"86.363636360000001";"0.91220000000000001";"0.93020000000000003";"0.91620000000000001";"1.7999999999999999E-2";"4.0000000000000001E-3";"0.77777777780000001";"77.777777779999994";28.545
"AD3-6-7";"B-P06";"Barro Branco";"BarroBranco1";"Ponto6";"Barro Branco";"Barro Branco Médio";"Rio";45231;"11/10/2023";2;6;1;"Hemigrammus unilineatus";34.1;26.1;8;263;0.263;0.0231378299120235;NA;"th";"AD3-6-7";"AD3-6-7";"7";"AD3-6-7";"7";NA;NA;NA;NA;NA;NA;NA;NA;"0.92779999999999996";"0.93310000000000004";"0.92869999999999997";"5.3E-3";"8.9999999999999998E-4";"0.83018867919999995";"83.018867920000005";"1.1019000000000001";"1.1283000000000001";"1.1075999999999999";"2.64E-2";"5.7000000000000002E-3";"0.78409090910000001";"78.409090910000003";NA
"AD3-6-8";"B-P06";"Barro Branco";"BarroBranco1";"Ponto6";"Barro Branco";"Barro Branco Médio";"Rio";45231;"11/10/2023";2;6;1;"Hemigrammus unilineatus";32.9;26;8.9;348;0.348;0.0317325227963526;NA;"th";"AD3-6-8";"AD3-6-8";"8";"AD3-6-8";"8";NA;NA;NA;NA;NA;NA;NA;NA;"0.91890000000000005";"0.92649999999999999";"0.92069999999999996";"7.6E-3";"1.8E-3";"0.76315789469999995";"76.315789469999999";"0.92230000000000001";"0.94499999999999995";"0.92700000000000005";"2.2700000000000001E-2";"4.7000000000000002E-3";"0.79295154189999995";"79.295154190000005";NA
"AD3-6-9";"B-P06";"Barro Branco";"BarroBranco1";"Ponto6";"Barro Branco";"Barro Branco Médio";"Rio";45231;"11/10/2023";2;6;1;"Hemigrammus unilineatus";28;19;6.2;185;0.185;0.0198214285714286;"*estimado (AD 3-6-6)";"th";"AD3-6-9";"AD3-6-9";"9";"AD3-6-9";"9";NA;NA;NA;NA;NA;NA;NA;NA;"0.92949999999999999";"0.93369999999999997";"0.93010000000000004";"4.1999999999999997E-3";"5.9999999999999995E-4";"0.85714285710000004";"85.714285709999999";"0.93659999999999999";"0.96040000000000003";"0.94169999999999998";"2.3800000000000002E-2";"5.1000000000000004E-3";"0.78571428570000001";"78.571428569999995";NA
"AD3-6-10";"B-P06";"Barro Branco";"BarroBranco1";"Ponto6";"Barro Branco";"Barro Branco Médio";"Rio";45231;"11/10/2023";2;6;1;"Hemigrammus unilineatus";31.1;23.3;7.7;174;0.174;0.0167845659163987;NA;"th";"AD3-6-10";"AD3-6-10";"10";"AD3-6-10";"10";NA;NA;NA;NA;NA;NA;NA;NA;"0.93679999999999997";"0.93779999999999997";"0.93689999999999996";"1E-3";"1E-4";"0.9";"90";"0.91239999999999999";"0.9294";"0.9153";"1.7000000000000001E-2";"2.8999999999999998E-3";"0.8294117647";"82.941176470000002";NA
"3-6-XcRB:1";"B-P06";"Barro Branco";"BarroBranco1";"Ponto6";"Barro Branco";"Barro Branco Médio";"Rio";45231;"11/10/2023";2;6;1;"Hemigrammus unilineatus";21.2;18.8;5.8;126;0.126;0.0178301886792453;NA;"xx";"3-6-XcRB:1";NA;NA;NA;NA;NA;NA;NA;NA;NA;NA;NA;NA;NA;NA;NA;NA;NA;NA;NA;NA;NA;NA;NA;NA;NA;NA;NA
"3-6-XsRB:1";"B-P06";"Barro Branco";"BarroBranco1";"Ponto6";"Barro Branco";"Barro Branco Médio";"Rio";45231;"11/10/2023";2;6;1;"Hemigrammus unilineatus";31.4;29;7.4;274;0.274;0.0261783439490446;NA;"xx";"3-6-XsRB:1";NA;NA;NA;NA;NA;NA;NA;NA;NA;NA;NA;NA;NA;NA;NA;NA;NA;NA;NA;NA;NA;NA;NA;NA;NA;NA;NA
"3-6-XsRB:2";"B-P06";"Barro Branco";"BarroBranco1";"Ponto6";"Barro Branco";"Barro Branco Médio";"Rio";45231;"11/10/2023";2;6;1;"Hemigrammus unilineatus";25.4;21.4;7;188;0.188;0.0222047244094488;NA;"xx";"3-6-XsRB:2";NA;NA;NA;NA;NA;NA;NA;NA;NA;NA;NA;NA;NA;NA;NA;NA;NA;NA;NA;NA;NA;NA;NA;NA;NA;NA;NA
"3-6-XsRB:3";"B-P06";"Barro Branco";"BarroBranco1";"Ponto6";"Barro Branco";"Barro Branco Médio";"Rio";45231;"11/10/2023";2;6;1;"Hemigrammus unilineatus";30.4;25;8.6;324;0.324;0.0319736842105263;NA;"xx";"3-6-XsRB:3";NA;NA;NA;NA;NA;NA;NA;NA;NA;NA;NA;NA;NA;NA;NA;NA;NA;NA;NA;NA;NA;NA;NA;NA;NA;NA;NA
"3-6-XsRB:4";"B-P06";"Barro Branco";"BarroBranco1";"Ponto6";"Barro Branco";"Barro Branco Médio";"Rio";45231;"11/10/2023";2;6;1;"Hemigrammus unilineatus";32.9;25.7;9.4;387;0.387;0.0352887537993921;NA;"xx";"3-6-XsRB:4";NA;NA;NA;NA;NA;NA;NA;NA;NA;NA;NA;NA;NA;NA;NA;NA;NA;NA;NA;NA;NA;NA;NA;NA;NA;NA;NA
"3-6-XsRB:5";"B-P06";"Barro Branco";"BarroBranco1";"Ponto6";"Barro Branco";"Barro Branco Médio";"Rio";45231;"11/10/2023";2;6;1;"Hemigrammus unilineatus";32.3;23.7;8.6;273;0.273;0.0253560371517028;NA;"xx";"3-6-XsRB:5";NA;NA;NA;NA;NA;NA;NA;NA;NA;NA;NA;NA;NA;NA;NA;NA;NA;NA;NA;NA;NA;NA;NA;NA;NA;NA;NA
"3-6-XsRB:6";"B-P06";"Barro Branco";"BarroBranco1";"Ponto6";"Barro Branco";"Barro Branco Médio";"Rio";45231;"11/10/2023";2;6;1;"Hemigrammus unilineatus";26.8;20.6;6.5;184;0.184;0.0205970149253731;NA;"xx";"3-6-XsRB:6";NA;NA;NA;NA;NA;NA;NA;NA;NA;NA;NA;NA;NA;NA;NA;NA;NA;NA;NA;NA;NA;NA;NA;NA;NA;NA;NA
"3-6-XsRB:7";"B-P06";"Barro Branco";"BarroBranco1";"Ponto6";"Barro Branco";"Barro Branco Médio";"Rio";45231;"11/10/2023";2;6;1;"Hemigrammus unilineatus";29;23.1;8.1;254;0.254;0.0262758620689655;NA;"xx";"3-6-XsRB:7";NA;NA;NA;NA;NA;NA;NA;NA;NA;NA;NA;NA;NA;NA;NA;NA;NA;NA;NA;NA;NA;NA;NA;NA;NA;NA;NA
"3-6-XsRB:8";"B-P06";"Barro Branco";"BarroBranco1";"Ponto6";"Barro Branco";"Barro Branco Médio";"Rio";45231;"11/10/2023";2;6;1;"Hemigrammus unilineatus";26.3;19.5;6;174;0.174;0.0198479087452471;NA;"xx";"3-6-XsRB:8";NA;NA;NA;NA;NA;NA;NA;NA;NA;NA;NA;NA;NA;NA;NA;NA;NA;NA;NA;NA;NA;NA;NA;NA;NA;NA;NA
"3-6-XsRB:9";"B-P06";"Barro Branco";"BarroBranco1";"Ponto6";"Barro Branco";"Barro Branco Médio";"Rio";45231;"11/10/2023";2;6;1;"Hemigrammus unilineatus";32.7;25.2;9;341;0.341;0.0312844036697248;NA;"xx";"3-6-XsRB:9";NA;NA;NA;NA;NA;NA;NA;NA;NA;NA;NA;NA;NA;NA;NA;NA;NA;NA;NA;NA;NA;NA;NA;NA;NA;NA;NA
"3-6-XsRB:10";"B-P06";"Barro Branco";"BarroBranco1";"Ponto6";"Barro Branco";"Barro Branco Médio";"Rio";45231;"11/10/2023";2;6;1;"Hemigrammus unilineatus";27.5;21.4;7.2;187;0.187;0.0204;NA;"xx";"3-6-XsRB:10";NA;NA;NA;NA;NA;NA;NA;NA;NA;NA;NA;NA;NA;NA;NA;NA;NA;NA;NA;NA;NA;NA;NA;NA;NA;NA;NA
"3-7-1";"B-P07";"Barro Branco";"BarroBranco1";"Ponto7";"Barro Branco";"Barro Branco Médio";"Rio";45231;"11/10/2023";2;7;1;"Hemigrammus unilineatus";34.2;29.5;11.8;523;0.523;0.0458771929824561;NA;"rd";"3-7-1";"3-7-1";"P1";"3-7-1";"P1";0.9272;0.9481;20.9;279341;333797;278816;297318;14225.7416267942;NA;NA;NA;NA;NA;NA;NA;NA;NA;NA;NA;NA;NA;NA;NA
"3-7-2";"B-P07";"Barro Branco";"BarroBranco1";"Ponto7";"Barro Branco";"Barro Branco Médio";"Rio";45231;"11/10/2023";2;7;1;"Hemigrammus unilineatus";37.6;30.4;10.6;520;0.52;0.0414893617021277;NA;"rd";"3-7-2";"3-7-2";"P2";"3-7-2";"P2";0.9243;0.9444;20.1;296314;367194;311853;325120.333333333;16175.1409618574;NA;NA;NA;NA;NA;NA;NA;NA;NA;NA;NA;NA;NA;NA;NA
"3-7-3";"B-P07";"Barro Branco";"BarroBranco1";"Ponto7";"Barro Branco";"Barro Branco Médio";"Rio";45231;"11/10/2023";2;7;1;"Hemigrammus unilineatus";33.7;23.8;8.6;289;0.289;0.025727002967359;NA;"rd";"3-7-3";"3-7-3";"P3";"3-7-3";"P3";0.9334;0.9548;21.4;278808;291173;304396;291459;13619.5794392524;NA;NA;NA;NA;NA;NA;NA;NA;NA;NA;NA;NA;NA;NA;NA
"3-7-4";"B-P07";"Barro Branco";"BarroBranco1";"Ponto7";"Barro Branco";"Barro Branco Médio";"Rio";45231;"11/10/2023";2;7;1;"Hemigrammus unilineatus";39.2;31.1;11;576;0.576;0.0440816326530612;NA;"rd";"3-7-4";"3-7-4";"P4";"3-7-4";"P4";0.9301;0.9557;25.6;288355;365465;243917;299245.666666667;11689.2838541667;NA;NA;NA;NA;NA;NA;NA;NA;NA;NA;NA;NA;NA;NA;NA
"3-7-5";"B-P07";"Barro Branco";"BarroBranco1";"Ponto7";"Barro Branco";"Barro Branco Médio";"Rio";45231;"11/10/2023";2;7;1;"Hemigrammus unilineatus";33.5;25.5;9.4;329;0.329;0.0294626865671642;NA;"rd";"3-7-5";"3-7-5";"P5";"3-7-5";"P5";0.9237;0.9459;22.2;214531;527483;606390;449468;20246.3063063063;NA;NA;NA;NA;NA;NA;NA;NA;NA;NA;NA;NA;NA;NA;NA
"3-7-6";"B-P07";"Barro Branco";"BarroBranco1";"Ponto7";"Barro Branco";"Barro Branco Médio";"Rio";45231;"11/10/2023";2;7;1;"Hemigrammus unilineatus";30.2;25.5;9.1;315;0.315;0.0312913907284768;NA;"rd";"3-7-6";"3-7-6";"P6";"3-7-6";"P6";0.9117;0.9211;9.40000000000007;248257;233130;250049;243812;25937.4468085104;NA;NA;NA;NA;NA;NA;NA;NA;NA;NA;NA;NA;NA;NA;NA
"3-7-8";"B-P07";"Barro Branco";"BarroBranco1";"Ponto7";"Barro Branco";"Barro Branco Médio";"Rio";45231;"11/10/2023";2;7;1;"Hemigrammus unilineatus";34.2;26.5;8.8;325;0.325;0.0285087719298246;NA;"rd";"3-7-8";"3-7-8";"P8";"3-7-8";"P8";1.1057;1.1192;13.5000000000001;798143;315692;339765;484533.333333333;35891.3580246912;NA;NA;NA;NA;NA;NA;NA;NA;NA;NA;NA;NA;NA;NA;NA
"3-7-9";"B-P07";"Barro Branco";"BarroBranco1";"Ponto7";"Barro Branco";"Barro Branco Médio";"Rio";45231;"11/10/2023";2;7;1;"Hemigrammus unilineatus";35.3;28.4;10.7;551;0.551;0.0468271954674221;NA;"rd";"3-7-9";"3-7-9";"P9";"3-7-9";"P9";0.931;0.9657;34.7;605988;653230;633502;630906.666666667;18181.7483189241;NA;NA;NA;NA;NA;NA;NA;NA;NA;NA;NA;NA;NA;NA;NA
"3-7-10";"B-P07";"Barro Branco";"BarroBranco1";"Ponto7";"Barro Branco";"Barro Branco Médio";"Rio";45231;"11/10/2023";2;7;1;"Hemigrammus unilineatus";29.1;22.5;7.7;203;0.203;0.0209278350515464;NA;"rd";"3-7-10";"3-7-10";"P10";"3-7-10";"P10";0.9192;0.9268;7.59999999999994;241976;248105;267526;252535.666666667;33228.3771929827;NA;NA;NA;NA;NA;NA;NA;NA;NA;NA;NA;NA;NA;NA;NA
"3-7-11";"B-P07";"Barro Branco";"BarroBranco1";"Ponto7";"Barro Branco";"Barro Branco Médio";"Rio";45231;"11/10/2023";2;7;1;"Hemigrammus unilineatus";30.6;25.3;9.2;314;0.314;0.0307843137254902;NA;"rd";"3-7-11";"3-7-11";"P11";"3-7-11";"P11";0.923;0.9345;11.5;296887;282685;333250;304274;26458.6086956523;NA;NA;NA;NA;NA;NA;NA;NA;NA;NA;NA;NA;NA;NA;NA
"3-7-12";"B-P07";"Barro Branco";"BarroBranco1";"Ponto7";"Barro Branco";"Barro Branco Médio";"Rio";45231;"11/10/2023";2;7;1;"Hemigrammus unilineatus";34.6;26.5;9.4;346;0.346;0.03;NA;"rd";"3-7-12";"3-7-12";"P12";"3-7-12";"P12";0.9276;0.9402;12.6000000000001;221556;264982;272937;253158.333333333;20091.9312169311;NA;NA;NA;NA;NA;NA;NA;NA;NA;NA;NA;NA;NA;NA;NA
"3-7-13";"B-P07";"Barro Branco";"BarroBranco1";"Ponto7";"Barro Branco";"Barro Branco Médio";"Rio";45231;"11/10/2023";2;7;1;"Hemigrammus unilineatus";26.5;23.7;8.3;247;0.247;0.0279622641509434;NA;"rd";"3-7-13";"3-7-13";"P13";"3-7-13";"P13";0.9248;0.9419;17.1;252594;259684;223345;245207.666666667;14339.6296296296;NA;NA;NA;NA;NA;NA;NA;NA;NA;NA;NA;NA;NA;NA;NA
"3-7-14";"B-P07";"Barro Branco";"BarroBranco1";"Ponto7";"Barro Branco";"Barro Branco Médio";"Rio";45231;"11/10/2023";2;7;1;"Hemigrammus unilineatus";23.4;17.9;6.2;111;0.111;0.0142307692307692;NA;"rd";"3-7-14";"3-7-14";"P14";"3-7-14";"P14";0.9116;0.9166;5;148020;179902;199430;175784;35156.8;NA;NA;NA;NA;NA;NA;NA;NA;NA;NA;NA;NA;NA;NA;NA
"3-7-15";"B-P07";"Barro Branco";"BarroBranco1";"Ponto7";"Barro Branco";"Barro Branco Médio";"Rio";45231;"11/10/2023";2;7;1;"Hemigrammus unilineatus";24.1;19.7;6.4;135;0.135;0.016804979253112;NA;"rd";"3-7-15";"3-7-15";"P15";"3-7-15";"P15";0.9146;0.92;5.40000000000007;231340;272113;222493;241982;44811.4814814809;NA;NA;NA;NA;NA;NA;NA;NA;NA;NA;NA;NA;NA;NA;NA
"3-7-16";"B-P07";"Barro Branco";"BarroBranco1";"Ponto7";"Barro Branco";"Barro Branco Médio";"Rio";45231;"11/10/2023";2;7;1;"Hemigrammus unilineatus";35.1;26.6;9.3;337;0.337;0.0288034188034188;NA;"rd";"3-7-16";"3-7-16";"P16";"3-7-16";"P16";0.9317;0.9411;9.40000000000007;234035;230418;224233;229562;24421.4893617019;NA;NA;NA;NA;NA;NA;NA;NA;NA;NA;NA;NA;NA;NA;NA
"3-7-17";"B-P07";"Barro Branco";"BarroBranco1";"Ponto7";"Barro Branco";"Barro Branco Médio";"Rio";45231;"11/10/2023";2;7;1;"Hemigrammus unilineatus";34.6;26.5;9.4;325;0.325;0.0281791907514451;NA;"rd";"3-7-17";"3-7-17";"P17";"3-7-17";"P17";0.9083;0.9258;17.5;242900;276482;247257;255546.333333333;14602.6476190477;NA;NA;NA;NA;NA;NA;NA;NA;NA;NA;NA;NA;NA;NA;NA
"3-7-XcRB:1";"B-P07";"Barro Branco";"BarroBranco1";"Ponto7";"Barro Branco";"Barro Branco Médio";"Rio";45231;"11/10/2023";2;7;1;"Hemigrammus unilineatus";30.5;22.3;7.5;216;0.216;0.0212459016393443;NA;"xx";"3-7-XcRB:1";NA;NA;NA;NA;NA;NA;NA;NA;NA;NA;NA;NA;NA;NA;NA;NA;NA;NA;NA;NA;NA;NA;NA;NA;NA;NA;NA
"AD3-7-1";"B-P07";"Barro Branco";"BarroBranco1";"Ponto7";"Barro Branco";"Barro Branco Médio";"Rio";45231;"11/10/2023";2;7;1;"Hemigrammus unilineatus";41.5;33.5;12.3;587;0.587;0.042433734939759;NA;"th";"AD3-7-1";"AD3-7-1";"1";"AD3-7-1";"1";NA;NA;NA;NA;NA;NA;NA;NA;"0.92749999999999999";"0.93720000000000003";"0.92930000000000001";"9.7000000000000003E-3";"1.8E-3";"0.8144329897";"81.443298970000001";"0.90449999999999997";"0.94610000000000005";"0.91349999999999998";"4.1599999999999998E-2";"8.9999999999999993E-3";"0.7836538462";"78.36538462";31.875
"AD3-7-2";"B-P07";"Barro Branco";"BarroBranco1";"Ponto7";"Barro Branco";"Barro Branco Médio";"Rio";45231;"11/10/2023";2;7;1;"Hemigrammus unilineatus";40;21.9;10.8;508;0.508;0.0381;NA;"th";"AD3-7-2";"AD3-7-2";"2";"AD3-7-2";"2";NA;NA;NA;NA;NA;NA;NA;NA;"0.93230000000000002";"0.94340000000000002";"0.93459999999999999";"1.11E-2";"2.3E-3";"0.79279279280000003";"79.279279279999997";"0.92290000000000005";"0.95840000000000003";"0.92930000000000001";"3.5499999999999997E-2";"6.4000000000000003E-3";"0.81971830990000005";"81.971830990000001";NA
"AD3-7-3";"B-P07";"Barro Branco";"BarroBranco1";"Ponto7";"Barro Branco";"Barro Branco Médio";"Rio";45231;"11/10/2023";2;7;1;"Hemigrammus unilineatus";24;20.5;6.7;123;0.123;0.015375;NA;"th";"AD3-7-3";"AD3-7-3";"3";"AD3-7-3";"3";NA;NA;NA;NA;NA;NA;NA;NA;"0.90869999999999995";"0.9123";"0.90920000000000001";"3.5999999999999999E-3";"5.0000000000000001E-4";"0.86111111110000005";"86.111111109999996";"0.93469999999999998";"0.94869999999999999";"0.93759999999999999";"1.4E-2";"2.8999999999999998E-3";"0.79285714289999998";"79.285714290000001";NA
"AD3-7-4";"B-P07";"Barro Branco";"BarroBranco1";"Ponto7";"Barro Branco";"Barro Branco Médio";"Rio";45231;"11/10/2023";2;7;1;"Hemigrammus unilineatus";43.1;33.6;11.5;597;0.597;0.041554524361949;NA;"th";"AD3-7-4";"AD3-7-4";"4";"AD3-7-4";"4";NA;NA;NA;NA;NA;NA;NA;NA;"0.92959999999999998";"0.93700000000000006";"0.93020000000000003";"7.4000000000000003E-3";"5.9999999999999995E-4";"0.91891891889999999";"91.891891889999997";"0.92530000000000001";"0.96479999999999999";"0.93379999999999996";"3.95E-2";"8.5000000000000006E-3";"0.78481012660000005";"78.481012660000005";NA
"AD3-7-5";"B-P07";"Barro Branco";"BarroBranco1";"Ponto7";"Barro Branco";"Barro Branco Médio";"Rio";45231;"11/10/2023";2;7;1;"Hemigrammus unilineatus";40.5;31.2;11.3;469;0.469;0.0347407407407407;NA;"th";"AD3-7-5";"AD3-7-5";"5";"AD3-7-5";"5";NA;NA;NA;NA;NA;NA;NA;NA;"1.1017999999999999";"1.1153999999999999";"1.1040000000000001";"1.3599999999999999E-2";"2.2000000000000001E-3";"0.83823529409999997";"83.823529410000006";"0.89839999999999998";"0.94979999999999998";"0.9093";"5.1400000000000001E-2";"1.09E-2";"0.78793774319999998";"78.793774319999997";NA
"AD3-7-6";"B-P07";"Barro Branco";"BarroBranco1";"Ponto7";"Barro Branco";"Barro Branco Médio";"Rio";45231;"11/10/2023";2;7;1;"Hemigrammus unilineatus";43.4;33.1;12.4;665;0.665;0.0459677419354839;NA;"th";"AD3-7-6";"AD3-7-6";"6";"AD3-7-6";"6";NA;NA;NA;NA;NA;NA;NA;NA;"1.1173999999999999";"1.1245000000000001";"1.1188";"7.1000000000000004E-3";"1.4E-3";"0.80281690139999995";"80.281690139999995";"0.90769999999999995";"0.95409999999999995";"0.91810000000000003";"4.6399999999999997E-2";"1.04E-2";"0.77586206899999999";"77.586206899999993";NA
"AD3-7-7";"B-P07";"Barro Branco";"BarroBranco1";"Ponto7";"Barro Branco";"Barro Branco Médio";"Rio";45231;"11/10/2023";2;7;1;"Hemigrammus unilineatus";25.7;21.8;7.9;171;0.171;0.0199610894941634;NA;"th";"AD3-7-7";"AD3-7-7";"7";"AD3-7-7";"7";NA;NA;NA;NA;NA;NA;NA;NA;"0.91949999999999998";"0.96799999999999997";"0.9204";"4.8500000000000001E-2";"8.9999999999999998E-4";"0.98144329900000005";"98.144329900000002";"0.91579999999999995";"0.94769999999999999";"0.91920000000000002";"3.1899999999999998E-2";"3.3999999999999998E-3";"0.89341692790000005";"89.341692789999996";NA
"AD3-7-8";"B-P07";"Barro Branco";"BarroBranco1";"Ponto7";"Barro Branco";"Barro Branco Médio";"Rio";45231;"11/10/2023";2;7;1;"Hemigrammus unilineatus";44.1;34;12.3;657;0.657;0.0446938775510204;NA;"th";"AD3-7-8";"AD3-7-8";"8";"AD3-7-8";"8";NA;NA;NA;NA;NA;NA;NA;NA;"0.92320000000000002";"0.93810000000000004";"0.9254";"1.49E-2";"2.2000000000000001E-3";"0.85234899330000002";"85.234899330000005";"0.91210000000000002";"0.95050000000000001";"0.92010000000000003";"3.8399999999999997E-2";"8.0000000000000002E-3";"0.79166666669999997";"79.166666669999998";NA
"AD3-7-9";"B-P07";"Barro Branco";"BarroBranco1";"Ponto7";"Barro Branco";"Barro Branco Médio";"Rio";45231;"11/10/2023";2;7;1;"Hemigrammus unilineatus";38.6;30.1;10.5;404;0.404;0.03139896373057;NA;"th";"AD3-7-9";"AD3-7-9";"9";"AD3-7-9";"9";NA;NA;NA;NA;NA;NA;NA;NA;"0.91180000000000005";"0.91849999999999998";"0.91339999999999999";"6.7000000000000002E-3";"1.6000000000000001E-3";"0.76119402989999996";"76.119402989999998";"0.92510000000000003";"0.95779999999999998";"0.93259999999999998";"3.27E-2";"7.4999999999999997E-3";"0.77064220179999998";"77.064220180000007";NA
"AD3-7-10";"B-P07";"Barro Branco";"BarroBranco1";"Ponto7";"Barro Branco";"Barro Branco Médio";"Rio";45231;"11/10/2023";2;7;1;"Hemigrammus unilineatus";32.1;23.9;9;264;0.264;0.0246728971962617;NA;"th";"AD3-7-10";"AD3-7-10";"10";"AD3-7-10";"10";NA;NA;NA;NA;NA;NA;NA;NA;"0.91600000000000004";"0.9244";"0.9173";"8.3999999999999995E-3";"1.2999999999999999E-3";"0.84523809520000004";"84.52380952";"0.91900000000000004";"0.92949999999999999";"0.92120000000000002";"1.0500000000000001E-2";"2.2000000000000001E-3";"0.79047619049999995";"79.047619049999994";NA
"4-8-54";"B-P08";"Barro Branco";"BarroBranco2";"Ponto8";"Barro Branco";"Barro Branco Médio";"Rio";45245;"30/08/2023";1;8;4;"Hemigrammus unilineatus";33.1;27.4;10.2;445;0.445;0.0403323262839879;NA;"rd";"4-8-54";"4-8-54";"P54";"4-8-54";"P54";0.9092;0.9215;12.3;818546;804249;883089;835294.666666667;67910.1355013551;NA;NA;NA;NA;NA;NA;NA;NA;NA;NA;NA;NA;NA;NA;NA
"4-8-55";"B-P08";"Barro Branco";"BarroBranco2";"Ponto8";"Barro Branco";"Barro Branco Médio";"Rio";45245;"30/08/2023";1;8;4;"Hemigrammus unilineatus";31.4;24.1;8.6;263;0.263;0.0251273885350319;NA;"rd";"4-8-55";"4-8-55";"P55";"4-8-55";"P55";0.9305;0.9368;6.29999999999997;832134;853734;870084;851984;135235.555555556;NA;NA;NA;NA;NA;NA;NA;NA;NA;NA;NA;NA;NA;NA;NA
"4-8-56";"B-P08";"Barro Branco";"BarroBranco2";"Ponto8";"Barro Branco";"Barro Branco Médio";"Rio";45245;"30/08/2023";1;8;4;"Hemigrammus unilineatus";36;25.9;8.9;328;0.328;0.0273333333333333;NA;"rd";"4-8-56";"4-8-56";"P56";"4-8-56";"P56";0.9157;0.9249;9.2000000000001;513194;574454;563636;550428;59829.130434782;NA;NA;NA;NA;NA;NA;NA;NA;NA;NA;NA;NA;NA;NA;NA
"4-8-57";"B-P08";"Barro Branco";"BarroBranco2";"Ponto8";"Barro Branco";"Barro Branco Médio";"Rio";45245;"30/08/2023";1;8;4;"Hemigrammus unilineatus";40.4;31.1;11.6;589;0.589;0.0437376237623762;NA;"rd";"4-8-57";"4-8-57";"P57";"4-8-57";"P57";1.1179;1.1283;10.4000000000002;518103;518023;530322;522149.333333333;50206.6666666658;NA;NA;NA;NA;NA;NA;NA;NA;NA;NA;NA;NA;NA;NA;NA
"4-8-58";"B-P08";"Barro Branco";"BarroBranco2";"Ponto8";"Barro Branco";"Barro Branco Médio";"Rio";45245;"30/08/2023";1;8;4;"Hemigrammus unilineatus";28.7;25.3;9.2;294;0.294;0.0307317073170732;NA;"rd";"4-8-58";"4-8-58";"P58";"4-8-58";"P58";0.9337;0.9445;10.8;642200;730266;729432;700632.666666667;64873.3950617282;NA;NA;NA;NA;NA;NA;NA;NA;NA;NA;NA;NA;NA;NA;NA
"4-8-59";"B-P08";"Barro Branco";"BarroBranco2";"Ponto8";"Barro Branco";"Barro Branco Médio";"Rio";45245;"30/08/2023";1;8;4;"Hemigrammus rodwayi";34;26.4;9.1;43;0.043;0.00379411764705882;NA;"rd";"4-8-59";"4-8-59";"P59";"4-8-59";"P59";0.9139;0.9224;8.49999999999995;728542;716977;734826;726781.666666667;85503.7254901965;NA;NA;NA;NA;NA;NA;NA;NA;NA;NA;NA;NA;NA;NA;NA
"4-8-60";"B-P08";"Barro Branco";"BarroBranco2";"Ponto8";"Barro Branco";"Barro Branco Médio";"Rio";45245;"30/08/2023";1;8;4;"Hemigrammus unilineatus";30;23.1;7.8;251;0.251;0.0251;NA;"rd";"4-8-60";"4-8-60";"P60";"4-8-60";"P60";0.9297;0.9381;8.40000000000007;562185;579132;621089;587468.666666667;69936.7460317454;NA;NA;NA;NA;NA;NA;NA;NA;NA;NA;NA;NA;NA;NA;NA
"4-8-61";"B-P08";"Barro Branco";"BarroBranco2";"Ponto8";"Barro Branco";"Barro Branco Médio";"Rio";45245;"30/08/2023";1;8;4;"Hemigrammus rodwayi";32.8;26.8;8.6;331;0.331;0.0302743902439024;NA;"rd";"4-8-61";"4-8-61";"P61";"4-8-61";"P61";0.9124;0.922;9.60000000000005;554264;645907;715747;638639.333333333;66524.9305555552;NA;NA;NA;NA;NA;NA;NA;NA;NA;NA;NA;NA;NA;NA;NA
"4-8-62";"B-P08";"Barro Branco";"BarroBranco2";"Ponto8";"Barro Branco";"Barro Branco Médio";"Rio";45245;"30/08/2023";1;8;4;"Astyanax bimaculatus";31;25.4;8.8;305;0.305;0.0295161290322581;NA;"rd";"4-8-62";"4-8-62";"P62";"4-8-62";"P62";0.9161;0.9269;10.7999999999999;395925;375231;480233;417129.666666667;NA;NA;NA;NA;NA;NA;NA;NA;NA;NA;NA;NA;NA;NA;NA;NA
"4-8-63";"B-P08";"Barro Branco";"BarroBranco2";"Ponto8";"Barro Branco";"Barro Branco Médio";"Rio";45245;"30/08/2023";1;8;4;"Hemigrammus unilineatus";30.2;23.9;8.1;221;0.221;0.021953642384106;NA;"rd";"4-8-63";"4-8-63";"P63";"4-8-63";"P63";0.9156;0.9249;9.30000000000009;650106;558413;642942;617153.666666667;66360.6093189958;NA;NA;NA;NA;NA;NA;NA;NA;NA;NA;NA;NA;NA;NA;NA
"4-8-64";"B-P08";"Barro Branco";"BarroBranco2";"Ponto8";"Barro Branco";"Barro Branco Médio";"Rio";45245;"30/08/2023";1;8;4;"Hemigrammus unilineatus";31.7;23;8.3;246;0.246;0.0232807570977918;NA;"rd";"4-8-64";"4-8-64";"P64";"4-8-64";"P64";0.9301;0.937;6.90000000000002;454406;481012;561123;498847;72296.6666666665;NA;NA;NA;NA;NA;NA;NA;NA;NA;NA;NA;NA;NA;NA;NA
"4-8-65";"B-P08";"Barro Branco";"BarroBranco2";"Ponto8";"Barro Branco";"Barro Branco Médio";"Rio";45245;"30/08/2023";1;8;4;"Hemigrammus unilineatus";29.5;23.4;7.7;244;0.244;0.0248135593220339;NA;"rd";"4-8-65";"4-8-65";"P65";"4-8-65";"P65";0.9204;0.9292;8.80000000000003;285421;291668;228531;268540;NA;NA;NA;NA;NA;NA;NA;NA;NA;NA;NA;NA;NA;NA;NA;NA
"4-8-66";"B-P08";"Barro Branco";"BarroBranco2";"Ponto8";"Barro Branco";"Barro Branco Médio";"Rio";45245;"30/08/2023";1;8;4;"Hemigrammus unilineatus";29.6;24.2;9.2;290;0.29;0.0293918918918919;NA;"rd";"4-8-66";"4-8-66";"P66";"4-8-66";"P66";1.1163;1.119;2.69999999999992;200075;225880;236570;220841.666666667;81793.2098765455;NA;NA;NA;NA;NA;NA;NA;NA;NA;NA;NA;NA;NA;NA;NA
"4-8-67";"B-P08";"Barro Branco";"BarroBranco2";"Ponto8";"Barro Branco";"Barro Branco Médio";"Rio";45245;"30/08/2023";1;8;4;"Hemigrammus rodwayi";27;24;7.2;230;0.23;0.0255555555555556;"*estimado (4-8-66)";"rd";"4-8-67";"4-8-67";"P67";"4-8-67";"P67";1.1226;1.1299;7.29999999999986;446471;467817;431351;448546.333333333;61444.7031963482;NA;NA;NA;NA;NA;NA;NA;NA;NA;NA;NA;NA;NA;NA;NA
"4-8-68";"B-P08";"Barro Branco";"BarroBranco2";"Ponto8";"Barro Branco";"Barro Branco Médio";"Rio";45245;"30/08/2023";1;8;4;"Hemigrammus marginatus";32.1;24.3;8.5;269;0.269;0.0251401869158879;NA;"rd";"4-8-68";"4-8-68";"P68";"4-8-68";"P68";0.9005;0.9043;3.80000000000003;228531;256117;305967;263538.333333333;69352.1929824557;NA;NA;NA;NA;NA;NA;NA;NA;NA;NA;NA;NA;NA;NA;NA
"4-8-69";"B-P08";"Barro Branco";"BarroBranco2";"Ponto8";"Barro Branco";"Barro Branco Médio";"Rio";45245;"30/08/2023";1;8;4;"Hemigrammus rodwayi";28.5;24.6;7.4;232;0.232;0.0244210526315789;NA;"rd";"4-8-69";"4-8-69";"P69";"4-8-69";"P69";0.924;0.9316;7.59999999999994;480270;575397;593321;549662.666666667;72324.0350877199;NA;NA;NA;NA;NA;NA;NA;NA;NA;NA;NA;NA;NA;NA;NA
"4-8-XcRB:1";"B-P08";"Barro Branco";"BarroBranco2";"Ponto8";"Barro Branco";"Barro Branco Médio";"Rio";45245;"30/08/2023";1;8;4;"Hemigrammus rodwayi";29.6;22.7;7.1;235;0.235;0.0238175675675676;NA;"xx";"4-8-XcRB:1";NA;NA;NA;NA;NA;NA;NA;NA;NA;NA;NA;NA;NA;NA;NA;NA;NA;NA;NA;NA;NA;NA;NA;NA;NA;NA;NA
"4-8-XcRB:2";"B-P08";"Barro Branco";"BarroBranco2";"Ponto8";"Barro Branco";"Barro Branco Médio";"Rio";45245;"30/08/2023";1;8;4;"Hemigrammus rodwayi";22.2;19.5;5.6;118;0.118;0.0159459459459459;NA;"xx";"4-8-XcRB:2";NA;NA;NA;NA;NA;NA;NA;NA;NA;NA;NA;NA;NA;NA;NA;NA;NA;NA;NA;NA;NA;NA;NA;NA;NA;NA;NA
"4-8-XcRB:3";"B-P08";"Barro Branco";"BarroBranco2";"Ponto8";"Barro Branco";"Barro Branco Médio";"Rio";45245;"30/08/2023";1;8;4;"Hemigrammus marginatus";35.2;27.8;7.8;370;0.37;0.0315340909090909;NA;"xx";"4-8-XcRB:3";NA;NA;NA;NA;NA;NA;NA;NA;NA;NA;NA;NA;NA;NA;NA;NA;NA;NA;NA;NA;NA;NA;NA;NA;NA;NA;NA
"4-8-XcRB:4";"B-P08";"Barro Branco";"BarroBranco2";"Ponto8";"Barro Branco";"Barro Branco Médio";"Rio";45245;"30/08/2023";1;8;4;"Hemigrammus unilineatus";27.8;22.1;6.8;207;0.207;0.0223381294964029;NA;"xx";"4-8-XcRB:4";NA;NA;NA;NA;NA;NA;NA;NA;NA;NA;NA;NA;NA;NA;NA;NA;NA;NA;NA;NA;NA;NA;NA;NA;NA;NA;NA
"4-8-XcRB:5";"B-P08";"Barro Branco";"BarroBranco2";"Ponto8";"Barro Branco";"Barro Branco Médio";"Rio";45245;"30/08/2023";1;8;4;"Hemigrammus rodwayi";23.8;19.1;5.4;128;0.128;0.0161344537815126;NA;"xx";"4-8-XcRB:5";NA;NA;NA;NA;NA;NA;NA;NA;NA;NA;NA;NA;NA;NA;NA;NA;NA;NA;NA;NA;NA;NA;NA;NA;NA;NA;NA
"4-8-XcRB:6";"B-P08";"Barro Branco";"BarroBranco2";"Ponto8";"Barro Branco";"Barro Branco Médio";"Rio";45245;"30/08/2023";1;8;4;"Hemigrammus unilineatus";33;25.7;9.4;392;0.392;0.0356363636363636;NA;"xx";"4-8-XcRB:6";NA;NA;NA;NA;NA;NA;NA;NA;NA;NA;NA;NA;NA;NA;NA;NA;NA;NA;NA;NA;NA;NA;NA;NA;NA;NA;NA
"4-8-XcRB:7";"B-P08";"Barro Branco";"BarroBranco2";"Ponto8";"Barro Branco";"Barro Branco Médio";"Rio";45245;"30/08/2023";1;8;4;"Hemigrammus unilineatus";26.5;21.4;7.3;209;0.209;0.0236603773584906;NA;"xx";"4-8-XcRB:7";NA;NA;NA;NA;NA;NA;NA;NA;NA;NA;NA;NA;NA;NA;NA;NA;NA;NA;NA;NA;NA;NA;NA;NA;NA;NA;NA
"4-8-XcRB:8";"B-P08";"Barro Branco";"BarroBranco2";"Ponto8";"Barro Branco";"Barro Branco Médio";"Rio";45245;"30/08/2023";1;8;4;"Hemigrammus marginatus";30.7;24.8;7.2;215;0.215;0.0210097719869707;NA;"xx";"4-8-XcRB:8";NA;NA;NA;NA;NA;NA;NA;NA;NA;NA;NA;NA;NA;NA;NA;NA;NA;NA;NA;NA;NA;NA;NA;NA;NA;NA;NA
"4-8-XcRB:9";"B-P08";"Barro Branco";"BarroBranco2";"Ponto8";"Barro Branco";"Barro Branco Médio";"Rio";45245;"30/08/2023";1;8;4;"Hemigrammus unilineatus";33.4;26;7.9;275;0.275;0.0247005988023952;NA;"xx";"4-8-XcRB:9";NA;NA;NA;NA;NA;NA;NA;NA;NA;NA;NA;NA;NA;NA;NA;NA;NA;NA;NA;NA;NA;NA;NA;NA;NA;NA;NA
"4-8-XcRB:10";"B-P08";"Barro Branco";"BarroBranco2";"Ponto8";"Barro Branco";"Barro Branco Médio";"Rio";45245;"30/08/2023";1;8;4;"Hemigrammus unilineatus";26.5;21.1;7.3;184;0.184;0.0208301886792453;NA;"xx";"4-8-XcRB:10";NA;NA;NA;NA;NA;NA;NA;NA;NA;NA;NA;NA;NA;NA;NA;NA;NA;NA;NA;NA;NA;NA;NA;NA;NA;NA;NA
"4-8-XcRB:11";"B-P08";"Barro Branco";"BarroBranco2";"Ponto8";"Barro Branco";"Barro Branco Médio";"Rio";45245;"30/08/2023";1;8;4;"Hemigrammus rodwayi";33.6;28.5;8.1;376;0.376;0.0335714285714286;NA;"xx";"4-8-XcRB:11";NA;NA;NA;NA;NA;NA;NA;NA;NA;NA;NA;NA;NA;NA;NA;NA;NA;NA;NA;NA;NA;NA;NA;NA;NA;NA;NA
"4-8-XcRB:12";"B-P08";"Barro Branco";"BarroBranco2";"Ponto8";"Barro Branco";"Barro Branco Médio";"Rio";45245;"30/08/2023";1;8;4;"Hemigrammus marginatus";29.9;27.5;7.4;355;0.355;0.03561872909699;NA;"xx";"4-8-XcRB:12";NA;NA;NA;NA;NA;NA;NA;NA;NA;NA;NA;NA;NA;NA;NA;NA;NA;NA;NA;NA;NA;NA;NA;NA;NA;NA;NA
"4-8-XcRB:13";"B-P08";"Barro Branco";"BarroBranco2";"Ponto8";"Barro Branco";"Barro Branco Médio";"Rio";45245;"30/08/2023";1;8;4;"Hemigrammus rodwayi";25.2;21;5.1;136;0.136;0.0161904761904762;NA;"xx";"4-8-XcRB:13";NA;NA;NA;NA;NA;NA;NA;NA;NA;NA;NA;NA;NA;NA;NA;NA;NA;NA;NA;NA;NA;NA;NA;NA;NA;NA;NA
"4-8-XcRB:14";"B-P08";"Barro Branco";"BarroBranco2";"Ponto8";"Barro Branco";"Barro Branco Médio";"Rio";45245;"30/08/2023";1;8;4;"Hemigrammus marginatus";26.1;22.3;6.5;185;0.185;0.021264367816092;NA;"xx";"4-8-XcRB:14";NA;NA;NA;NA;NA;NA;NA;NA;NA;NA;NA;NA;NA;NA;NA;NA;NA;NA;NA;NA;NA;NA;NA;NA;NA;NA;NA
"4-8-XcRB:15";"B-P08";"Barro Branco";"BarroBranco2";"Ponto8";"Barro Branco";"Barro Branco Médio";"Rio";45245;"30/08/2023";1;8;4;"Hemigrammus unilineatus";28.9;21.2;6.6;197;0.197;0.0204498269896194;NA;"xx";"4-8-XcRB:15";NA;NA;NA;NA;NA;NA;NA;NA;NA;NA;NA;NA;NA;NA;NA;NA;NA;NA;NA;NA;NA;NA;NA;NA;NA;NA;NA
"4-8-XcRB:16";"B-P08";"Barro Branco";"BarroBranco2";"Ponto8";"Barro Branco";"Barro Branco Médio";"Rio";45245;"30/08/2023";1;8;4;"Hemigrammus unilineatus";29;22.2;7.4;216;0.216;0.0223448275862069;NA;"xx";"4-8-XcRB:16";NA;NA;NA;NA;NA;NA;NA;NA;NA;NA;NA;NA;NA;NA;NA;NA;NA;NA;NA;NA;NA;NA;NA;NA;NA;NA;NA
"4-8-XcRB:17";"B-P08";"Barro Branco";"BarroBranco2";"Ponto8";"Barro Branco";"Barro Branco Médio";"Rio";45245;"30/08/2023";1;8;4;"Hemigrammus unilineatus";29.5;23.3;8;263;0.263;0.0267457627118644;NA;"xx";"4-8-XcRB:17";NA;NA;NA;NA;NA;NA;NA;NA;NA;NA;NA;NA;NA;NA;NA;NA;NA;NA;NA;NA;NA;NA;NA;NA;NA;NA;NA
"4-8-XcRB:18";"B-P08";"Barro Branco";"BarroBranco2";"Ponto8";"Barro Branco";"Barro Branco Médio";"Rio";45245;"30/08/2023";1;8;4;"Hemigrammus rodwayi";22.1;18.7;5.2;107;0.107;0.0145248868778281;NA;"xx";"4-8-XcRB:18";NA;NA;NA;NA;NA;NA;NA;NA;NA;NA;NA;NA;NA;NA;NA;NA;NA;NA;NA;NA;NA;NA;NA;NA;NA;NA;NA
"4-8-XcRB:19";"B-P08";"Barro Branco";"BarroBranco2";"Ponto8";"Barro Branco";"Barro Branco Médio";"Rio";45245;"30/08/2023";1;8;4;"Hemigrammus rodwayi";22.4;18.3;5.4;101;0.101;0.0135267857142857;NA;"xx";"4-8-XcRB:19";NA;NA;NA;NA;NA;NA;NA;NA;NA;NA;NA;NA;NA;NA;NA;NA;NA;NA;NA;NA;NA;NA;NA;NA;NA;NA;NA
"4-8-XcRB:20";"B-P08";"Barro Branco";"BarroBranco2";"Ponto8";"Barro Branco";"Barro Branco Médio";"Rio";45245;"30/08/2023";1;8;4;"Hemigrammus marginatus";27.5;22;6.3;181;0.181;0.0197454545454545;NA;"xx";"4-8-XcRB:20";NA;NA;NA;NA;NA;NA;NA;NA;NA;NA;NA;NA;NA;NA;NA;NA;NA;NA;NA;NA;NA;NA;NA;NA;NA;NA;NA
"4-8-XsRB:1";"B-P08";"Barro Branco";"BarroBranco2";"Ponto8";"Barro Branco";"Barro Branco Médio";"Rio";45245;"30/08/2023";1;8;4;"Hemigrammus marginatus";31;25.1;6.7;256;0.256;0.0247741935483871;NA;"xx";"4-8-XsRB:1";NA;NA;NA;NA;NA;NA;NA;NA;NA;NA;NA;NA;NA;NA;NA;NA;NA;NA;NA;NA;NA;NA;NA;NA;NA;NA;NA
"4-8-XsRB:2";"B-P08";"Barro Branco";"BarroBranco2";"Ponto8";"Barro Branco";"Barro Branco Médio";"Rio";45245;"30/08/2023";1;8;4;"Hemigrammus marginatus";29.1;22.8;6.5;220;0.22;0.022680412371134;NA;"xx";"4-8-XsRB:2";NA;NA;NA;NA;NA;NA;NA;NA;NA;NA;NA;NA;NA;NA;NA;NA;NA;NA;NA;NA;NA;NA;NA;NA;NA;NA;NA
"4-8-XsRB:3";"B-P08";"Barro Branco";"BarroBranco2";"Ponto8";"Barro Branco";"Barro Branco Médio";"Rio";45245;"30/08/2023";1;8;4;"Hemigrammus marginatus";23.1;19;4.6;103;0.103;0.0133766233766234;NA;"xx";"4-8-XsRB:3";NA;NA;NA;NA;NA;NA;NA;NA;NA;NA;NA;NA;NA;NA;NA;NA;NA;NA;NA;NA;NA;NA;NA;NA;NA;NA;NA
"4-8-XsRB:4";"B-P08";"Barro Branco";"BarroBranco2";"Ponto8";"Barro Branco";"Barro Branco Médio";"Rio";45245;"30/08/2023";1;8;4;"Hemigrammus marginatus";38.9;30.3;8.2;482;0.482;0.037172236503856;NA;"xx";"4-8-XsRB:4";NA;NA;NA;NA;NA;NA;NA;NA;NA;NA;NA;NA;NA;NA;NA;NA;NA;NA;NA;NA;NA;NA;NA;NA;NA;NA;NA
"4-8-XsRB:5";"B-P08";"Barro Branco";"BarroBranco2";"Ponto8";"Barro Branco";"Barro Branco Médio";"Rio";45245;"30/08/2023";1;8;4;"Hemigrammus marginatus";25;22.7;6.2;172;0.172;0.02064;NA;"xx";"4-8-XsRB:5";NA;NA;NA;NA;NA;NA;NA;NA;NA;NA;NA;NA;NA;NA;NA;NA;NA;NA;NA;NA;NA;NA;NA;NA;NA;NA;NA
"4-8-XsRB:6";"B-P08";"Barro Branco";"BarroBranco2";"Ponto8";"Barro Branco";"Barro Branco Médio";"Rio";45245;"30/08/2023";1;8;4;"Hemigrammus marginatus";31.3;25.8;7.6;309;0.309;0.0296166134185304;NA;"xx";"4-8-XsRB:6";NA;NA;NA;NA;NA;NA;NA;NA;NA;NA;NA;NA;NA;NA;NA;NA;NA;NA;NA;NA;NA;NA;NA;NA;NA;NA;NA
"4-8-XsRB:7";"B-P08";"Barro Branco";"BarroBranco2";"Ponto8";"Barro Branco";"Barro Branco Médio";"Rio";45245;"30/08/2023";1;8;4;"Hemigrammus rodwayi";22.2;18.7;5.5;123;0.123;0.0166216216216216;NA;"xx";"4-8-XsRB:7";NA;NA;NA;NA;NA;NA;NA;NA;NA;NA;NA;NA;NA;NA;NA;NA;NA;NA;NA;NA;NA;NA;NA;NA;NA;NA;NA
"4-8-XsRB:8";"B-P08";"Barro Branco";"BarroBranco2";"Ponto8";"Barro Branco";"Barro Branco Médio";"Rio";45245;"30/08/2023";1;8;4;"Hemigrammus unilineatus";18.6;15.3;4.3;78;0.078;0.0125806451612903;NA;"xx";"4-8-XsRB:8";NA;NA;NA;NA;NA;NA;NA;NA;NA;NA;NA;NA;NA;NA;NA;NA;NA;NA;NA;NA;NA;NA;NA;NA;NA;NA;NA
"4-8-XsRB:9";"B-P08";"Barro Branco";"BarroBranco2";"Ponto8";"Barro Branco";"Barro Branco Médio";"Rio";45245;"30/08/2023";1;8;4;"Hemigrammus unilineatus";29;23;8.1;263;0.263;0.0272068965517241;"*estimado (4-8-XcRB-17)";"xx";"4-8-XsRB:9";NA;NA;NA;NA;NA;NA;NA;NA;NA;NA;NA;NA;NA;NA;NA;NA;NA;NA;NA;NA;NA;NA;NA;NA;NA;NA;NA
"4-8-XsRB:10";"B-P08";"Barro Branco";"BarroBranco2";"Ponto8";"Barro Branco";"Barro Branco Médio";"Rio";45245;"30/08/2023";1;8;4;"Hemigrammus marginatus";29.5;23.8;6.9;221;0.221;0.0224745762711864;NA;"xx";"4-8-XsRB:10";NA;NA;NA;NA;NA;NA;NA;NA;NA;NA;NA;NA;NA;NA;NA;NA;NA;NA;NA;NA;NA;NA;NA;NA;NA;NA;NA
"4-8-XsRB:11";"B-P08";"Barro Branco";"BarroBranco2";"Ponto8";"Barro Branco";"Barro Branco Médio";"Rio";45245;"30/08/2023";1;8;4;"Hemigrammus marginatus";23.9;20.3;5;157;0.157;0.0197071129707113;NA;"xx";"4-8-XsRB:11";NA;NA;NA;NA;NA;NA;NA;NA;NA;NA;NA;NA;NA;NA;NA;NA;NA;NA;NA;NA;NA;NA;NA;NA;NA;NA;NA
"4-8-XsRB:12";"B-P08";"Barro Branco";"BarroBranco2";"Ponto8";"Barro Branco";"Barro Branco Médio";"Rio";45245;"30/08/2023";1;8;4;"Hemigrammus rodwayi";31.2;26.4;7.6;402;0.402;0.0386538461538462;NA;"xx";"4-8-XsRB:12";NA;NA;NA;NA;NA;NA;NA;NA;NA;NA;NA;NA;NA;NA;NA;NA;NA;NA;NA;NA;NA;NA;NA;NA;NA;NA;NA
"4-8-XsRB:13";"B-P08";"Barro Branco";"BarroBranco2";"Ponto8";"Barro Branco";"Barro Branco Médio";"Rio";45245;"30/08/2023";1;8;4;"Hemigrammus marginatus";25.7;20.9;5.6;164;0.164;0.0191439688715953;NA;"xx";"4-8-XsRB:13";NA;NA;NA;NA;NA;NA;NA;NA;NA;NA;NA;NA;NA;NA;NA;NA;NA;NA;NA;NA;NA;NA;NA;NA;NA;NA;NA
"4-8-XsRB:14";"B-P08";"Barro Branco";"BarroBranco2";"Ponto8";"Barro Branco";"Barro Branco Médio";"Rio";45245;"30/08/2023";1;8;4;"Hemigrammus marginatus";20.3;16.3;4.2;72;0.072;0.01064039408867;NA;"xx";"4-8-XsRB:14";NA;NA;NA;NA;NA;NA;NA;NA;NA;NA;NA;NA;NA;NA;NA;NA;NA;NA;NA;NA;NA;NA;NA;NA;NA;NA;NA
"4-8-XsRB:15";"B-P08";"Barro Branco";"BarroBranco2";"Ponto8";"Barro Branco";"Barro Branco Médio";"Rio";45245;"30/08/2023";1;8;4;"Hemigrammus rodwayi";23.5;18.6;4.9;122;0.122;0.0155744680851064;NA;"xx";"4-8-XsRB:15";NA;NA;NA;NA;NA;NA;NA;NA;NA;NA;NA;NA;NA;NA;NA;NA;NA;NA;NA;NA;NA;NA;NA;NA;NA;NA;NA
"4-8-XsRB:16";"B-P08";"Barro Branco";"BarroBranco2";"Ponto8";"Barro Branco";"Barro Branco Médio";"Rio";45245;"30/08/2023";1;8;4;"Hemigrammus marginatus";22.5;17.7;4.3;86;0.086;0.0114666666666667;NA;"xx";"4-8-XsRB:16";NA;NA;NA;NA;NA;NA;NA;NA;NA;NA;NA;NA;NA;NA;NA;NA;NA;NA;NA;NA;NA;NA;NA;NA;NA;NA;NA
"4-8-XsRB:17";"B-P08";"Barro Branco";"BarroBranco2";"Ponto8";"Barro Branco";"Barro Branco Médio";"Rio";45245;"30/08/2023";1;8;4;"Hemigrammus marginatus";27.9;22.5;6.3;187;0.187;0.0201075268817204;NA;"xx";"4-8-XsRB:17";NA;NA;NA;NA;NA;NA;NA;NA;NA;NA;NA;NA;NA;NA;NA;NA;NA;NA;NA;NA;NA;NA;NA;NA;NA;NA;NA
"4-8-XsRB:18";"B-P08";"Barro Branco";"BarroBranco2";"Ponto8";"Barro Branco";"Barro Branco Médio";"Rio";45245;"30/08/2023";1;8;4;"Hemigrammus unilineatus";26.3;22.1;7.4;242;0.242;0.0276045627376426;NA;"xx";"4-8-XsRB:18";NA;NA;NA;NA;NA;NA;NA;NA;NA;NA;NA;NA;NA;NA;NA;NA;NA;NA;NA;NA;NA;NA;NA;NA;NA;NA;NA
"4-8-XsRB:19";"B-P08";"Barro Branco";"BarroBranco2";"Ponto8";"Barro Branco";"Barro Branco Médio";"Rio";45245;"30/08/2023";1;8;4;"Hemigrammus marginatus";25.6;21;5.2;153;0.153;0.0179296875;NA;"xx";"4-8-XsRB:19";NA;NA;NA;NA;NA;NA;NA;NA;NA;NA;NA;NA;NA;NA;NA;NA;NA;NA;NA;NA;NA;NA;NA;NA;NA;NA;NA
"4-8-XsRB:20";"B-P08";"Barro Branco";"BarroBranco2";"Ponto8";"Barro Branco";"Barro Branco Médio";"Rio";45245;"30/08/2023";1;8;4;"Hemigrammus marginatus";31.5;25.7;7.5;315;0.315;0.03;NA;"xx";"4-8-XsRB:20";NA;NA;NA;NA;NA;NA;NA;NA;NA;NA;NA;NA;NA;NA;NA;NA;NA;NA;NA;NA;NA;NA;NA;NA;NA;NA;NA
"4-8-XsRB:21";"B-P08";"Barro Branco";"BarroBranco2";"Ponto8";"Barro Branco";"Barro Branco Médio";"Rio";45245;"30/08/2023";1;8;4;"Hemigrammus marginatus";19.5;16.5;4.2;84;0.084;0.0129230769230769;NA;"xx";"4-8-XsRB:21";NA;NA;NA;NA;NA;NA;NA;NA;NA;NA;NA;NA;NA;NA;NA;NA;NA;NA;NA;NA;NA;NA;NA;NA;NA;NA;NA
"4-8-XsRB:22";"B-P08";"Barro Branco";"BarroBranco2";"Ponto8";"Barro Branco";"Barro Branco Médio";"Rio";45245;"30/08/2023";1;8;4;"Hemigrammus marginatus";30.6;24.4;6.9;287;0.287;0.0281372549019608;NA;"xx";"4-8-XsRB:22";NA;NA;NA;NA;NA;NA;NA;NA;NA;NA;NA;NA;NA;NA;NA;NA;NA;NA;NA;NA;NA;NA;NA;NA;NA;NA;NA
"4-8-XsRB:23";"B-P08";"Barro Branco";"BarroBranco2";"Ponto8";"Barro Branco";"Barro Branco Médio";"Rio";45245;"30/08/2023";1;8;4;"Hemigrammus marginatus";23.8;19.3;5.2;98;0.098;0.0123529411764706;NA;"xx";"4-8-XsRB:23";NA;NA;NA;NA;NA;NA;NA;NA;NA;NA;NA;NA;NA;NA;NA;NA;NA;NA;NA;NA;NA;NA;NA;NA;NA;NA;NA
"4-8-XsRB:24";"B-P08";"Barro Branco";"BarroBranco2";"Ponto8";"Barro Branco";"Barro Branco Médio";"Rio";45245;"30/08/2023";1;8;4;"Hemigrammus rodwayi";17.3;15.2;4.2;54;0.054;0.00936416184971098;NA;"xx";"4-8-XsRB:24";NA;NA;NA;NA;NA;NA;NA;NA;NA;NA;NA;NA;NA;NA;NA;NA;NA;NA;NA;NA;NA;NA;NA;NA;NA;NA;NA
"4-8-XsRB:25";"B-P08";"Barro Branco";"BarroBranco2";"Ponto8";"Barro Branco";"Barro Branco Médio";"Rio";45245;"30/08/2023";1;8;4;"Hemigrammus marginatus";25.6;19.5;4.9;118;0.118;0.013828125;NA;"xx";"4-8-XsRB:25";NA;NA;NA;NA;NA;NA;NA;NA;NA;NA;NA;NA;NA;NA;NA;NA;NA;NA;NA;NA;NA;NA;NA;NA;NA;NA;NA
"4-8-XsRB:26";"B-P08";"Barro Branco";"BarroBranco2";"Ponto8";"Barro Branco";"Barro Branco Médio";"Rio";45245;"30/08/2023";1;8;4;"Hemigrammus marginatus";25.4;20.8;5.6;166;0.166;0.0196062992125984;NA;"xx";"4-8-XsRB:26";NA;NA;NA;NA;NA;NA;NA;NA;NA;NA;NA;NA;NA;NA;NA;NA;NA;NA;NA;NA;NA;NA;NA;NA;NA;NA;NA
"4-8-XsRB:27";"B-P08";"Barro Branco";"BarroBranco2";"Ponto8";"Barro Branco";"Barro Branco Médio";"Rio";45245;"30/08/2023";1;8;4;"Hemigrammus marginatus";19.5;16.6;3.7;73;0.073;0.0112307692307692;NA;"xx";"4-8-XsRB:27";NA;NA;NA;NA;NA;NA;NA;NA;NA;NA;NA;NA;NA;NA;NA;NA;NA;NA;NA;NA;NA;NA;NA;NA;NA;NA;NA
"4-8-XsRB:28";"B-P08";"Barro Branco";"BarroBranco2";"Ponto8";"Barro Branco";"Barro Branco Médio";"Rio";45245;"30/08/2023";1;8;4;"Hemigrammus marginatus";26.9;18.3;4.4;98;0.098;0.0109293680297398;NA;"xx";"4-8-XsRB:28";NA;NA;NA;NA;NA;NA;NA;NA;NA;NA;NA;NA;NA;NA;NA;NA;NA;NA;NA;NA;NA;NA;NA;NA;NA;NA;NA
"4-8-XsRB:29";"B-P08";"Barro Branco";"BarroBranco2";"Ponto8";"Barro Branco";"Barro Branco Médio";"Rio";45245;"30/08/2023";1;8;4;"Hemigrammus unilineatus";23.4;18.8;6.5;179;0.179;0.0229487179487179;NA;"xx";"4-8-XsRB:29";NA;NA;NA;NA;NA;NA;NA;NA;NA;NA;NA;NA;NA;NA;NA;NA;NA;NA;NA;NA;NA;NA;NA;NA;NA;NA;NA
"4-8-XsRB:30";"B-P08";"Barro Branco";"BarroBranco2";"Ponto8";"Barro Branco";"Barro Branco Médio";"Rio";45245;"30/08/2023";1;8;4;"Hemigrammus unilineatus";22.6;17.9;5.9;127;0.127;0.016858407079646;NA;"xx";"4-8-XsRB:30";NA;NA;NA;NA;NA;NA;NA;NA;NA;NA;NA;NA;NA;NA;NA;NA;NA;NA;NA;NA;NA;NA;NA;NA;NA;NA;NA
"AD4-8-1";"B-P08";"Barro Branco";"BarroBranco2";"Ponto8";"Barro Branco";"Barro Branco Médio";"Rio";45245;"30/08/2023";1;8;4;"Hemigrammus unilineatus";35.1;21.2;9.4;343;0.343;0.0293162393162393;NA;"th";"AD4-8-1";"AD4-8-1";"1";"AD4-8-1";"1";NA;NA;NA;NA;NA;NA;NA;NA;"0.92700000000000005";"0.93210000000000004";"0.92800000000000005";"5.1000000000000004E-3";"1E-3";"0.80392156859999997";"80.39215686";"0.90620000000000001";"0.92659999999999998";"0.91010000000000002";"2.0400000000000001E-2";"3.8999999999999998E-3";"0.80882352940000002";"80.882352940000004";NA
"AD4-8-2";"B-P08";"Barro Branco";"BarroBranco2";"Ponto8";"Barro Branco";"Barro Branco Médio";"Rio";45245;"30/08/2023";1;8;4;"Astyanax bimaculatus";48.8;38.6;13.5;970;0.97;0.0596311475409836;NA;"th";"AD4-8-2";"AD4-8-2";"2";"AD4-8-2";"2";NA;NA;NA;NA;NA;NA;NA;NA;"0.92459999999999998";"0.94059999999999999";"0.92789999999999995";"1.6E-2";"3.3E-3";"0.79374999999999996";"79.375";"0.91810000000000003";"0.95369999999999999";"0.92530000000000001";"3.56E-2";"7.1999999999999998E-3";"0.79775280900000001";"79.775280899999998";84.22
"AD4-8-3";"B-P08";"Barro Branco";"BarroBranco2";"Ponto8";"Barro Branco";"Barro Branco Médio";"Rio";45245;"30/08/2023";1;8;4;"Hemigrammus unilineatus";39.2;27.5;9.4;339;0.339;0.0259438775510204;NA;"th";"AD4-8-3";"AD4-8-3";"3";"AD4-8-3";"3";NA;NA;NA;NA;NA;NA;NA;NA;"0.93630000000000002";"0.94089999999999996";"0.93700000000000006";"4.5999999999999999E-3";"6.9999999999999999E-4";"0.84782608699999995";"84.782608699999997";"0.91300000000000003";"0.93259999999999998";"0.91669999999999996";"1.9599999999999999E-2";"3.7000000000000002E-3";"0.81122448979999995";"81.122448980000001";86.43
"AD4-8-4";"B-P08";"Barro Branco";"BarroBranco2";"Ponto8";"Barro Branco";"Barro Branco Médio";"Rio";45245;"30/08/2023";1;8;4;"Hemigrammus unilineatus";38.3;30.5;11.6;462;0.462;0.0361879895561358;NA;"th";"AD4-8-4";"AD4-8-4";"4";"AD4-8-4";"4";NA;NA;NA;NA;NA;NA;NA;NA;"0.92620000000000002";"0.94489999999999996";"0.92969999999999997";"1.8700000000000001E-2";"3.5000000000000001E-3";"0.81283422459999999";"81.283422459999997";"0.90390000000000004";"0.93420000000000003";"0.90990000000000004";"3.0300000000000001E-2";"6.0000000000000001E-3";"0.80198019799999998";"80.198019799999997";72.4
"AD4-8-5";"B-P08";"Barro Branco";"BarroBranco2";"Ponto8";"Barro Branco";"Barro Branco Médio";"Rio";45245;"30/08/2023";1;8;4;"Hemigrammus unilineatus";35.2;27;9.6;258;0.258;0.0219886363636364;NA;"th";"AD4-8-5";"AD4-8-5";"5";"AD4-8-5";"5";NA;NA;NA;NA;NA;NA;NA;NA;"0.91490000000000005";"0.91949999999999998";"0.91539999999999999";"4.5999999999999999E-3";"5.0000000000000001E-4";"0.89130434780000001";"89.130434780000002";"0.9274";"0.95069999999999999";"0.93149999999999999";"2.3300000000000001E-2";"4.1000000000000003E-3";"0.82403433479999999";"82.403433480000004";78.59
"AD4-8-6";"B-P08";"Barro Branco";"BarroBranco2";"Ponto8";"Barro Branco";"Barro Branco Médio";"Rio";45245;"30/08/2023";1;8;4;"Astyanax bimaculatus";30.5;26.1;7.7;242;0.242;0.0238032786885246;NA;"th";"AD4-8-6";"AD4-8-6";"6";"AD4-8-6";"6";NA;NA;NA;NA;NA;NA;NA;NA;"0.91800000000000004";"0.92669999999999997";"0.91969999999999996";"8.6999999999999994E-3";"1.6999999999999999E-3";"0.80459770109999995";"80.459770109999994";"0.91180000000000005";"0.92800000000000005";"0.91439999999999999";"1.6199999999999999E-2";"2.5999999999999999E-3";"0.83950617279999995";"83.950617280000003";NA
"AD4-8-7";"B-P08";"Barro Branco";"BarroBranco2";"Ponto8";"Barro Branco";"Barro Branco Médio";"Rio";45245;"30/08/2023";1;8;4;"Hemigrammus unilineatus";32.6;21.6;9.3;260;0.26;0.0239263803680982;NA;"th";"AD4-8-7";"AD4-8-7";"7";"AD4-8-7";"7";NA;NA;NA;NA;NA;NA;NA;NA;"0.91539999999999999";"0.92200000000000004";"0.91649999999999998";"6.6E-3";"1.1000000000000001E-3";"0.83333333330000003";"83.333333330000002";"0.91259999999999997";"0.93130000000000002";"0.91620000000000001";"1.8700000000000001E-2";"3.5999999999999999E-3";"0.80748663099999995";"80.748663100000002";85.17
"AD4-8-8";"B-P08";"Barro Branco";"BarroBranco2";"Ponto8";"Barro Branco";"Barro Branco Médio";"Rio";45245;"30/08/2023";1;8;4;"Hemigrammus unilineatus";31.5;23.1;8.5;197;0.197;0.0187619047619048;NA;"th";"AD4-8-8";"AD4-8-8";"8";"AD4-8-8";"8";NA;NA;NA;NA;NA;NA;NA;NA;"0.92249999999999999";"0.92889999999999995";"0.92379999999999995";"6.4000000000000003E-3";"1.2999999999999999E-3";"0.796875";"79.6875";"0.92630000000000001";"0.94350000000000001";"0.92910000000000004";"1.72E-2";"2.8E-3";"0.83720930230000001";"83.720930229999993";91.19
"AD4-8-9";"B-P08";"Barro Branco";"BarroBranco2";"Ponto8";"Barro Branco";"Barro Branco Médio";"Rio";45245;"30/08/2023";1;8;4;"Hemigrammus unilineatus";23.1;16;7.2;115;0.115;0.0149350649350649;NA;"th";"AD4-8-9";"AD4-8-9";"9";"AD4-8-9";"9";NA;NA;NA;NA;NA;NA;NA;NA;"0.90849999999999997";"0.91320000000000001";"0.90920000000000001";"4.7000000000000002E-3";"6.9999999999999999E-4";"0.85106382979999995";"85.106382980000006";"0.91949999999999998";"0.93049999999999999";"0.92079999999999995";"1.0999999999999999E-2";"1.2999999999999999E-3";"0.88181818180000004";"88.181818179999993";NA
"AD4-8-10";"B-P08";"Barro Branco";"BarroBranco2";"Ponto8";"Barro Branco";"Barro Branco Médio";"Rio";45245;"30/08/2023";1;8;4;"Hemigrammus rodwayi";34.3;22.1;7.9;251;0.251;0.0219533527696793;NA;"th";"AD4-8-10";"AD4-8-10";"10";"AD4-8-10";"10";NA;NA;NA;NA;NA;NA;NA;NA;"0.93149999999999999";"0.93610000000000004";"0.93220000000000003";"4.5999999999999999E-3";"6.9999999999999999E-4";"0.84782608699999995";"84.782608699999997";"0.92290000000000005";"0.94379999999999997";"0.92700000000000005";"2.0899999999999998E-2";"4.1000000000000003E-3";"0.80382775120000005";"80.382775120000005";138.44
"AD4-8-11";"B-P08";"Barro Branco";"BarroBranco2";"Ponto8";"Barro Branco";"Barro Branco Médio";"Rio";45245;"30/08/2023";1;8;4;"Hemigrammus unilineatus";27.1;23;8.8;258;0.258;0.0285608856088561;NA;"th";"AD4-8-11";"AD4-8-11";"11";"AD4-8-11";"11";NA;NA;NA;NA;NA;NA;NA;NA;"0.90180000000000005";"0.90739999999999998";"0.90269999999999995";"5.5999999999999999E-3";"8.9999999999999998E-4";"0.83928571429999999";"83.928571430000005";"0.91539999999999999";"0.92989999999999995";"0.91790000000000005";"1.4500000000000001E-2";"2.5000000000000001E-3";"0.82758620689999995";"82.758620690000001";97.31
"AD4-8-12";"B-P08";"Barro Branco";"BarroBranco2";"Ponto8";"Barro Branco";"Barro Branco Médio";"Rio";45245;"30/08/2023";1;8;4;"Hemigrammus unilineatus";34;27;9;294;0.294;0.0259411764705882;NA;"th";"AD4-8-12";"AD4-8-12";"12";"AD4-8-12";"12";NA;NA;NA;NA;NA;NA;NA;NA;"0.93359999999999999";"0.94110000000000005";"0.93469999999999998";"7.4999999999999997E-3";"1.1000000000000001E-3";"0.85333333330000005";"85.333333330000002";"0.9405";"0.95409999999999995";"0.94269999999999998";"1.3599999999999999E-2";"2.2000000000000001E-3";"0.83823529409999997";"83.823529410000006";90.9
"AD4-8-13";"B-P08";"Barro Branco";"BarroBranco2";"Ponto8";"Barro Branco";"Barro Branco Médio";"Rio";45245;"30/08/2023";1;8;4;"Hemigrammus unilineatus";33.3;24.2;7.4;120;0.12;0.0108108108108108;NA;"th";"AD4-8-13";"AD4-8-13";"13";"AD4-8-13";"13";NA;NA;NA;NA;NA;NA;NA;NA;"0.91759999999999997";"0.92700000000000005";"0.9194";"9.4000000000000004E-3";"1.8E-3";"0.80851063830000003";"80.851063830000001";"0.93440000000000001";"0.94989999999999997";"0.93679999999999997";"1.55E-2";"2.3999999999999998E-3";"0.84516129029999998";"84.516129030000002";NA
"AD4-8-X:1";"B-P08";"Barro Branco";"BarroBranco2";"Ponto8";"Barro Branco";"Barro Branco Médio";"Rio";45245;"30/08/2023";1;8;4;"Hemigrammus rodwayi";28.6;24.5;6.8;277;0.277;0.0290559440559441;NA;"xx";"AD4-8-X:1";NA;NA;NA;NA;NA;NA;NA;NA;NA;NA;NA;NA;NA;NA;NA;NA;NA;NA;NA;NA;NA;NA;NA;NA;NA;NA;NA
"4-9-70";"B-P09";"Barro Branco";"BarroBranco2";"Ponto9";"Barro Branco";"Barro Branco Médio";"Rio";45245;"30/08/2023";1;9;3;"Hemigrammus rodwayi";24.8;19.9;5.6;122;0.122;0.014758064516129;NA;"rd";"4-9-70";"4-9-70";"P70";"4-9-70";"P70";1.1155;1.1205;5.00000000000012;484400;393006;476772;451392.666666667;90278.5333333313;NA;NA;NA;NA;NA;NA;NA;NA;NA;NA;NA;NA;NA;NA;NA
"4-9-71";"B-P09";"Barro Branco";"BarroBranco2";"Ponto9";"Barro Branco";"Barro Branco Médio";"Rio";45245;"30/08/2023";1;9;3;"Hemigrammus unilineatus";35.6;27.9;8.9;385;0.385;0.0324438202247191;NA;"rd";"4-9-71";"4-9-71";"P71";"4-9-71";"P71";0.9356;0.9552;19.6000000000001;593888;678599;606241;626242.666666667;31951.1564625849;NA;NA;NA;NA;NA;NA;NA;NA;NA;NA;NA;NA;NA;NA;NA
"4-9-72";"B-P09";"Barro Branco";"BarroBranco2";"Ponto9";"Barro Branco";"Barro Branco Médio";"Rio";45245;"30/08/2023";1;9;3;"Hemigrammus unilineatus";29.8;22.7;7.4;224;0.224;0.0225503355704698;NA;"rd";"4-9-72";"4-9-72";"P72";"4-9-72";"P72";0.9037;0.9082;4.50000000000006;376169;383916;400419;386834.666666667;85963.2592592581;NA;NA;NA;NA;NA;NA;NA;NA;NA;NA;NA;NA;NA;NA;NA
"4-9-73";"B-P09";"Barro Branco";"BarroBranco2";"Ponto9";"Barro Branco";"Barro Branco Médio";"Rio";45245;"30/08/2023";1;9;3;"Astyanax fasciatus";53;42.1;12.2;1124;1.124;0.063622641509434;NA;"rd";"4-9-73";"4-9-73";"P73";"4-9-73";"P73";0.9146;0.943;28.4;893633;1013599;965994;957742;33723.3098591549;NA;NA;NA;NA;NA;NA;NA;NA;NA;NA;NA;NA;NA;NA;NA
"4-9-74";"B-P09";"Barro Branco";"BarroBranco2";"Ponto9";"Barro Branco";"Barro Branco Médio";"Rio";45245;"30/08/2023";1;9;3;"Hemigrammus unilineatus";35.7;28.5;9.6;396;0.396;0.0332773109243698;NA;"rd";"4-9-74";"4-9-74";"P74";"4-9-74";"P74";1.1163;1.1286;12.3;421099;493693;432448;449080;36510.5691056911;NA;NA;NA;NA;NA;NA;NA;NA;NA;NA;NA;NA;NA;NA;NA
"4-9-75";"B-P09";"Barro Branco";"BarroBranco2";"Ponto9";"Barro Branco";"Barro Branco Médio";"Rio";45245;"30/08/2023";1;9;3;"Hemigrammus unilineatus";32.1;25.4;8.2;309;0.309;0.0288785046728972;NA;"rd";"4-9-75";"4-9-75";"P75";"4-9-75";"P75";0.9174;0.9355;18.1;498145;536628;509565;514779.333333333;28440.847145488;NA;NA;NA;NA;NA;NA;NA;NA;NA;NA;NA;NA;NA;NA;NA
"4-9-76";"B-P09";"Barro Branco";"BarroBranco2";"Ponto9";"Barro Branco";"Barro Branco Médio";"Rio";45245;"30/08/2023";1;9;3;"Hemigrammus unilineatus";31.6;24.8;9.4;335;0.335;0.0318037974683544;NA;"rd";"4-9-76";"4-9-76";"P76";"4-9-76";"P76";1.1106;1.1183;7.70000000000004;484136;473701;50968;336268.333333333;43671.2121212119;NA;NA;NA;NA;NA;NA;NA;NA;NA;NA;NA;NA;NA;NA;NA
"4-9-77";"B-P09";"Barro Branco";"BarroBranco2";"Ponto9";"Barro Branco";"Barro Branco Médio";"Rio";45245;"30/08/2023";1;9;3;"Astyanax bimaculatus";28.9;23;7.5;281;0.281;0.0291695501730104;NA;"rd";"4-9-77";"4-9-77";"P77";"4-9-77";"P77";0.8996;0.9084;8.80000000000003;747847;832798;841937;807527.333333333;91764.4696969694;NA;NA;NA;NA;NA;NA;NA;NA;NA;NA;NA;NA;NA;NA;NA
"4-9-78";"B-P09";"Barro Branco";"BarroBranco2";"Ponto9";"Barro Branco";"Barro Branco Médio";"Rio";45245;"30/08/2023";1;9;3;"Hemigrammus unilineatus";24.3;19.3;5.8;122;0.122;0.0150617283950617;NA;"rd";"4-9-78";"4-9-78";"P78";"4-9-78";"P78";0.9131;0.9153;2.19999999999998;211061;266931;185551;221181;100536.818181819;NA;NA;NA;NA;NA;NA;NA;NA;NA;NA;NA;NA;NA;NA;NA
"4-9-79";"B-P09";"Barro Branco";"BarroBranco2";"Ponto9";"Barro Branco";"Barro Branco Médio";"Rio";45245;"30/08/2023";1;9;3;"Hemigrammus unilineatus";35.5;27.3;8.5;415;0.415;0.0350704225352113;NA;"rd";"4-9-79";"4-9-79";"P79";"4-9-79";"P79";1.1022;1.1129;10.6999999999999;546217;567141;511162;541506.666666667;50608.0996884738;NA;NA;NA;NA;NA;NA;NA;NA;NA;NA;NA;NA;NA;NA;NA
"4-9-80";"B-P09";"Barro Branco";"BarroBranco2";"Ponto9";"Barro Branco";"Barro Branco Médio";"Rio";45245;"30/08/2023";1;9;3;"Hemigrammus unilineatus";28.4;21;6.3;143;0.143;0.0151056338028169;NA;"rd";"4-9-80";"4-9-80";"P80";"4-9-80";"P80";1.1003;1.1067;6.39999999999996;301065;390338;285333;325578.666666667;50871.666666667;NA;NA;NA;NA;NA;NA;NA;NA;NA;NA;NA;NA;NA;NA;NA
"4-9-81";"B-P09";"Barro Branco";"BarroBranco2";"Ponto9";"Barro Branco";"Barro Branco Médio";"Rio";45245;"30/08/2023";1;9;3;"Astyanax fasciatus";32.6;24.8;7.4;239;0.239;0.0219938650306748;NA;"rd";"4-9-81";"4-9-81";"P81";"4-9-81";"P81";0.934;0.9377;3.69999999999993;295814;411775;336074;347887.666666667;94023.6936936956;NA;NA;NA;NA;NA;NA;NA;NA;NA;NA;NA;NA;NA;NA;NA
"4-9-82";"B-P09";"Barro Branco";"BarroBranco2";"Ponto9";"Barro Branco";"Barro Branco Médio";"Rio";45245;"30/08/2023";1;9;3;"Hemigrammus unilineatus";26.5;22.9;7.5;208;0.208;0.0235471698113208;NA;"rd";"4-9-82";"4-9-82";"P82";"4-9-82";"P82";0.9196;0.9232;3.60000000000005;259969;306362;290628;285653;79348.0555555545;NA;NA;NA;NA;NA;NA;NA;NA;NA;NA;NA;NA;NA;NA;NA
"4-9-83";"B-P09";"Barro Branco";"BarroBranco2";"Ponto9";"Barro Branco";"Barro Branco Médio";"Rio";45245;"30/08/2023";1;9;3;"Hemigrammus unilineatus";30.2;23.5;7.4;225;0.225;0.0223509933774834;NA;"rd";"4-9-83";"4-9-83";"P83";"4-9-83";"P83";0.9327;0.9373;4.60000000000005;702042;675830;701219;693030.333333333;150658.76811594;NA;NA;NA;NA;NA;NA;NA;NA;NA;NA;NA;NA;NA;NA;NA
"4-9-84";"B-P09";"Barro Branco";"BarroBranco2";"Ponto9";"Barro Branco";"Barro Branco Médio";"Rio";45245;"30/08/2023";1;9;3;"Hemigrammus unilineatus";35.9;27.7;9.2;351;0.351;0.0293314763231198;NA;"rd";"4-9-84";"4-9-84";"P84";"4-9-84";"P84";0.9295;0.9374;7.90000000000002;240711;295005;320441;285385.666666667;36124.7679324894;NA;NA;NA;NA;NA;NA;NA;NA;NA;NA;NA;NA;NA;NA;NA
"4-9-86";"B-P09";"Barro Branco";"BarroBranco2";"Ponto9";"Barro Branco";"Barro Branco Médio";"Rio";45245;"30/08/2023";1;9;3;"Astyanax fasciatus";27.2;21.8;5.8;155;0.155;0.0170955882352941;NA;"rd";"4-9-86";"4-9-86";"P86";"4-9-86";"P86";0.9328;0.936;3.20000000000009;286316;343977;329097;319796.666666667;99936.4583333305;NA;NA;NA;NA;NA;NA;NA;NA;NA;NA;NA;NA;NA;NA;NA
"4-9-87";"B-P09";"Barro Branco";"BarroBranco2";"Ponto9";"Barro Branco";"Barro Branco Médio";"Rio";45245;"30/08/2023";1;9;3;"Hemigrammus rodwayi";27.5;21.7;6.1;173;0.173;0.0188727272727273;NA;"rd";"4-9-87";"4-9-87";"P87";"4-9-87";"P87";1.1354;1.1401;4.69999999999993;226740;254698;231048;237495.333333333;50530.9219858164;NA;NA;NA;NA;NA;NA;NA;NA;NA;NA;NA;NA;NA;NA;NA
"4-9-88";"B-P09";"Barro Branco";"BarroBranco2";"Ponto9";"Barro Branco";"Barro Branco Médio";"Rio";45245;"30/08/2023";1;9;3;"Characidium bimaculatum";34;23.6;6.3;290;0.29;0.0255882352941176;NA;"rd";"4-9-88";"4-9-88";"P88";"4-9-88";"P88";1.1025;1.1079;5.40000000000007;306339;368485;368485;347769.666666667;64401.7901234559;NA;NA;NA;NA;NA;NA;NA;NA;NA;NA;NA;NA;NA;NA;NA
"4-9-89";"B-P09";"Barro Branco";"BarroBranco2";"Ponto9";"Barro Branco";"Barro Branco Médio";"Rio";45245;"30/08/2023";1;9;3;"Hemigrammus unilineatus";29.7;23;6.9;224;0.224;0.0226262626262626;NA;"rd";"4-9-89";"4-9-89";"P89";"4-9-89";"P89";0.9313;0.9367;5.39999999999996;314217;328222;306339;316259.333333333;58566.543209877;NA;NA;NA;NA;NA;NA;NA;NA;NA;NA;NA;NA;NA;NA;NA
"4-9-90";"B-P09";"Barro Branco";"BarroBranco2";"Ponto9";"Barro Branco";"Barro Branco Médio";"Rio";45245;"30/08/2023";1;9;3;"Hemigrammus unilineatus";27.7;21.2;6.2;171;0.171;0.0185198555956679;NA;"rd";"4-9-90";"4-9-90";"P90";"4-9-90";"P90";0.9305;0.9378;7.29999999999997;470057;512114;464840;482337;66073.5616438359;NA;NA;NA;NA;NA;NA;NA;NA;NA;NA;NA;NA;NA;NA;NA
"4-9-91";"B-P09";"Barro Branco";"BarroBranco2";"Ponto9";"Barro Branco";"Barro Branco Médio";"Rio";45245;"30/08/2023";1;9;3;"Hemigrammus unilineatus";33.3;26.1;8.7;328;0.328;0.0295495495495496;NA;"rd";"4-9-91";"4-9-91";"P91";"4-9-91";"P91";0.9154;0.9248;9.39999999999996;583028;565518;620674;589740;62738.2978723407;NA;NA;NA;NA;NA;NA;NA;NA;NA;NA;NA;NA;NA;NA;NA
"4-9-XcRB:1";"B-P09";"Barro Branco";"BarroBranco2";"Ponto9";"Barro Branco";"Barro Branco Médio";"Rio";45245;"30/08/2023";1;9;3;"Hemigrammus unilineatus";34.5;26.2;7.2;378;0.378;0.0328695652173913;NA;"xx";"4-9-XcRB:1";NA;NA;NA;NA;NA;NA;NA;NA;NA;NA;NA;NA;NA;NA;NA;NA;NA;NA;NA;NA;NA;NA;NA;NA;NA;NA;NA
"4-9-XcRB:2";"B-P09";"Barro Branco";"BarroBranco2";"Ponto9";"Barro Branco";"Barro Branco Médio";"Rio";45245;"30/08/2023";1;9;3;"Hemigrammus unilineatus";33.2;25.1;7.5;293;0.293;0.0264759036144578;NA;"xx";"4-9-XcRB:2";NA;NA;NA;NA;NA;NA;NA;NA;NA;NA;NA;NA;NA;NA;NA;NA;NA;NA;NA;NA;NA;NA;NA;NA;NA;NA;NA
"4-9-XcRB:3";"B-P09";"Barro Branco";"BarroBranco2";"Ponto9";"Barro Branco";"Barro Branco Médio";"Rio";45245;"30/08/2023";1;9;3;"Hemigrammus unilineatus";27.1;32;6.2;180;0.18;0.0199261992619926;NA;"xx";"4-9-XcRB:3";NA;NA;NA;NA;NA;NA;NA;NA;NA;NA;NA;NA;NA;NA;NA;NA;NA;NA;NA;NA;NA;NA;NA;NA;NA;NA;NA
"4-9-XcRB:4";"B-P09";"Barro Branco";"BarroBranco2";"Ponto9";"Barro Branco";"Barro Branco Médio";"Rio";45245;"30/08/2023";1;9;3;"Astyanax fasciatus";41.9;33.1;9.9;688;0.688;0.0492601431980907;NA;"xx";"4-9-XcRB:4";NA;NA;NA;NA;NA;NA;NA;NA;NA;NA;NA;NA;NA;NA;NA;NA;NA;NA;NA;NA;NA;NA;NA;NA;NA;NA;NA
"4-9-XcRB:5";"B-P09";"Barro Branco";"BarroBranco2";"Ponto9";"Barro Branco";"Barro Branco Médio";"Rio";45245;"30/08/2023";1;9;3;"Hemigrammus unilineatus";38.8;30;9;303;0.303;0.0234278350515464;NA;"xx";"4-9-XcRB:5";NA;NA;NA;NA;NA;NA;NA;NA;NA;NA;NA;NA;NA;NA;NA;NA;NA;NA;NA;NA;NA;NA;NA;NA;NA;NA;NA
"4-9-XcRB:6";"B-P09";"Barro Branco";"BarroBranco2";"Ponto9";"Barro Branco";"Barro Branco Médio";"Rio";45245;"30/08/2023";1;9;3;"Hemigrammus unilineatus";27.2;20.9;6.6;153;0.153;0.016875;NA;"xx";"4-9-XcRB:6";NA;NA;NA;NA;NA;NA;NA;NA;NA;NA;NA;NA;NA;NA;NA;NA;NA;NA;NA;NA;NA;NA;NA;NA;NA;NA;NA
"4-9-XcRB:7";"B-P09";"Barro Branco";"BarroBranco2";"Ponto9";"Barro Branco";"Barro Branco Médio";"Rio";45245;"30/08/2023";1;9;3;"Hemigrammus rodwayi";27.8;24.2;7.5;272;0.272;0.0293525179856115;NA;"xx";"4-9-XcRB:7";NA;NA;NA;NA;NA;NA;NA;NA;NA;NA;NA;NA;NA;NA;NA;NA;NA;NA;NA;NA;NA;NA;NA;NA;NA;NA;NA
"4-9-XcRB:8";"B-P09";"Barro Branco";"BarroBranco2";"Ponto9";"Barro Branco";"Barro Branco Médio";"Rio";45245;"30/08/2023";1;9;3;"Hemigrammus unilineatus";28;21.6;6.8;178;0.178;0.0190714285714286;NA;"xx";"4-9-XcRB:8";NA;NA;NA;NA;NA;NA;NA;NA;NA;NA;NA;NA;NA;NA;NA;NA;NA;NA;NA;NA;NA;NA;NA;NA;NA;NA;NA
"4-9-XcRB:9";"B-P09";"Barro Branco";"BarroBranco2";"Ponto9";"Barro Branco";"Barro Branco Médio";"Rio";45245;"30/08/2023";1;9;3;"Hemigrammus rodwayi";29.1;25.6;8.6;358;0.358;0.0369072164948454;NA;"xx";"4-9-XcRB:9";NA;NA;NA;NA;NA;NA;NA;NA;NA;NA;NA;NA;NA;NA;NA;NA;NA;NA;NA;NA;NA;NA;NA;NA;NA;NA;NA
"4-9-XcRB:10";"B-P09";"Barro Branco";"BarroBranco2";"Ponto9";"Barro Branco";"Barro Branco Médio";"Rio";45245;"30/08/2023";1;9;3;"Hemigrammus unilineatus";36.1;27.2;8.8;424;0.424;0.0352354570637119;NA;"xx";"4-9-XcRB:10";NA;NA;NA;NA;NA;NA;NA;NA;NA;NA;NA;NA;NA;NA;NA;NA;NA;NA;NA;NA;NA;NA;NA;NA;NA;NA;NA
"4-9-XcRB:11";"B-P09";"Barro Branco";"BarroBranco2";"Ponto9";"Barro Branco";"Barro Branco Médio";"Rio";45245;"30/08/2023";1;9;3;"Hemigrammus unilineatus";35.3;27;7.9;313;0.313;0.026600566572238;NA;"xx";"4-9-XcRB:11";NA;NA;NA;NA;NA;NA;NA;NA;NA;NA;NA;NA;NA;NA;NA;NA;NA;NA;NA;NA;NA;NA;NA;NA;NA;NA;NA
"4-9-XsRB:1";"B-P09";"Barro Branco";"BarroBranco2";"Ponto9";"Barro Branco";"Barro Branco Médio";"Rio";45245;"30/08/2023";1;9;3;"Hemigrammus unilineatus";24.4;20.4;6.3;156;0.156;0.0191803278688525;NA;"xx";"4-9-XsRB:1";NA;NA;NA;NA;NA;NA;NA;NA;NA;NA;NA;NA;NA;NA;NA;NA;NA;NA;NA;NA;NA;NA;NA;NA;NA;NA;NA
"4-9-XsRB:2";"B-P09";"Barro Branco";"BarroBranco2";"Ponto9";"Barro Branco";"Barro Branco Médio";"Rio";45245;"30/08/2023";1;9;3;"Hemigrammus marginatus";31.7;25.1;5.9;136;0.136;0.0128706624605678;NA;"xx";"4-9-XsRB:2";NA;NA;NA;NA;NA;NA;NA;NA;NA;NA;NA;NA;NA;NA;NA;NA;NA;NA;NA;NA;NA;NA;NA;NA;NA;NA;NA
"4-9-XsRB:3";"B-P09";"Barro Branco";"BarroBranco2";"Ponto9";"Barro Branco";"Barro Branco Médio";"Rio";45245;"30/08/2023";1;9;3;"Hemigrammus marginatus";29.1;25;6.3;348;0.348;0.0358762886597938;NA;"xx";"4-9-XsRB:3";NA;NA;NA;NA;NA;NA;NA;NA;NA;NA;NA;NA;NA;NA;NA;NA;NA;NA;NA;NA;NA;NA;NA;NA;NA;NA;NA
"4-9-XsRB:4";"B-P09";"Barro Branco";"BarroBranco2";"Ponto9";"Barro Branco";"Barro Branco Médio";"Rio";45245;"30/08/2023";1;9;3;"Hemigrammus unilineatus";30.7;23.4;7.7;392;0.392;0.0383061889250814;NA;"xx";"4-9-XsRB:4";NA;NA;NA;NA;NA;NA;NA;NA;NA;NA;NA;NA;NA;NA;NA;NA;NA;NA;NA;NA;NA;NA;NA;NA;NA;NA;NA
"4-9-XsRB:5";"B-P09";"Barro Branco";"BarroBranco2";"Ponto9";"Barro Branco";"Barro Branco Médio";"Rio";45245;"30/08/2023";1;9;3;"Hemigrammus marginatus";26.2;22.7;5.2;160;0.16;0.0183206106870229;NA;"xx";"4-9-XsRB:5";NA;NA;NA;NA;NA;NA;NA;NA;NA;NA;NA;NA;NA;NA;NA;NA;NA;NA;NA;NA;NA;NA;NA;NA;NA;NA;NA
"4-9-XsRB:6";"B-P09";"Barro Branco";"BarroBranco2";"Ponto9";"Barro Branco";"Barro Branco Médio";"Rio";45245;"30/08/2023";1;9;3;"Hemigrammus marginatus";34.4;27.4;6.7;317;0.317;0.0276453488372093;NA;"xx";"4-9-XsRB:6";NA;NA;NA;NA;NA;NA;NA;NA;NA;NA;NA;NA;NA;NA;NA;NA;NA;NA;NA;NA;NA;NA;NA;NA;NA;NA;NA
"4-9-XsRB:7";"B-P09";"Barro Branco";"BarroBranco2";"Ponto9";"Barro Branco";"Barro Branco Médio";"Rio";45245;"30/08/2023";1;9;3;"Hemigrammus unilineatus";28.1;20.9;6.5;174;0.174;0.018576512455516;NA;"xx";"4-9-XsRB:7";NA;NA;NA;NA;NA;NA;NA;NA;NA;NA;NA;NA;NA;NA;NA;NA;NA;NA;NA;NA;NA;NA;NA;NA;NA;NA;NA
"4-9-XsRB:8";"B-P09";"Barro Branco";"BarroBranco2";"Ponto9";"Barro Branco";"Barro Branco Médio";"Rio";45245;"30/08/2023";1;9;3;"Hemigrammus marginatus";36.7;28.2;7.8;196;0.196;0.0160217983651226;NA;"xx";"4-9-XsRB:8";NA;NA;NA;NA;NA;NA;NA;NA;NA;NA;NA;NA;NA;NA;NA;NA;NA;NA;NA;NA;NA;NA;NA;NA;NA;NA;NA
"4-9-XsRB:9";"B-P09";"Barro Branco";"BarroBranco2";"Ponto9";"Barro Branco";"Barro Branco Médio";"Rio";45245;"30/08/2023";1;9;3;"Hemigrammus unilineatus";22.9;17.7;4.9;96;0.096;0.0125764192139738;NA;"xx";"4-9-XsRB:9";NA;NA;NA;NA;NA;NA;NA;NA;NA;NA;NA;NA;NA;NA;NA;NA;NA;NA;NA;NA;NA;NA;NA;NA;NA;NA;NA
"4-9-XsRB:10";"B-P09";"Barro Branco";"BarroBranco2";"Ponto9";"Barro Branco";"Barro Branco Médio";"Rio";45245;"30/08/2023";1;9;3;"Hemigrammus rodwayi";30.9;26.3;7.6;195;0.195;0.0189320388349515;NA;"xx";"4-9-XsRB:10";NA;NA;NA;NA;NA;NA;NA;NA;NA;NA;NA;NA;NA;NA;NA;NA;NA;NA;NA;NA;NA;NA;NA;NA;NA;NA;NA
"4-9-XsRB:11";"B-P09";"Barro Branco";"BarroBranco2";"Ponto9";"Barro Branco";"Barro Branco Médio";"Rio";45245;"30/08/2023";1;9;3;"Hemigrammus marginatus";27.3;22.1;5.3;165;0.165;0.0181318681318681;NA;"xx";"4-9-XsRB:11";NA;NA;NA;NA;NA;NA;NA;NA;NA;NA;NA;NA;NA;NA;NA;NA;NA;NA;NA;NA;NA;NA;NA;NA;NA;NA;NA
"4-9-XsRB:12";"B-P09";"Barro Branco";"BarroBranco2";"Ponto9";"Barro Branco";"Barro Branco Médio";"Rio";45245;"30/08/2023";1;9;3;"Hemigrammus marginatus";27.1;21;4.9;132;0.132;0.0146125461254613;NA;"xx";"4-9-XsRB:12";NA;NA;NA;NA;NA;NA;NA;NA;NA;NA;NA;NA;NA;NA;NA;NA;NA;NA;NA;NA;NA;NA;NA;NA;NA;NA;NA
"4-9-XsRB:13";"B-P09";"Barro Branco";"BarroBranco2";"Ponto9";"Barro Branco";"Barro Branco Médio";"Rio";45245;"30/08/2023";1;9;3;"Hemigrammus marginatus";26.8;23.4;5.7;178;0.178;0.0199253731343284;NA;"xx";"4-9-XsRB:13";NA;NA;NA;NA;NA;NA;NA;NA;NA;NA;NA;NA;NA;NA;NA;NA;NA;NA;NA;NA;NA;NA;NA;NA;NA;NA;NA
"4-9-XsRB:14";"B-P09";"Barro Branco";"BarroBranco2";"Ponto9";"Barro Branco";"Barro Branco Médio";"Rio";45245;"30/08/2023";1;9;3;"Hemigrammus unilineatus";25.8;20.3;5.9;150;0.15;0.0174418604651163;NA;"xx";"4-9-XsRB:14";NA;NA;NA;NA;NA;NA;NA;NA;NA;NA;NA;NA;NA;NA;NA;NA;NA;NA;NA;NA;NA;NA;NA;NA;NA;NA;NA
"4-9-XsRB:15";"B-P09";"Barro Branco";"BarroBranco2";"Ponto9";"Barro Branco";"Barro Branco Médio";"Rio";45245;"30/08/2023";1;9;3;"Hemigrammus unilineatus";29;21.7;6.4;193;0.193;0.0199655172413793;NA;"xx";"4-9-XsRB:15";NA;NA;NA;NA;NA;NA;NA;NA;NA;NA;NA;NA;NA;NA;NA;NA;NA;NA;NA;NA;NA;NA;NA;NA;NA;NA;NA
"4-9-XsRB:16";"B-P09";"Barro Branco";"BarroBranco2";"Ponto9";"Barro Branco";"Barro Branco Médio";"Rio";45245;"30/08/2023";1;9;3;"Hemigrammus unilineatus";26.1;19.5;5.9;149;0.149;0.0171264367816092;NA;"xx";"4-9-XsRB:16";NA;NA;NA;NA;NA;NA;NA;NA;NA;NA;NA;NA;NA;NA;NA;NA;NA;NA;NA;NA;NA;NA;NA;NA;NA;NA;NA
"4-9-XsRB:17";"B-P09";"Barro Branco";"BarroBranco2";"Ponto9";"Barro Branco";"Barro Branco Médio";"Rio";45245;"30/08/2023";1;9;3;"Hemigrammus marginatus";29.5;23.4;4.7;162;0.162;0.0164745762711864;NA;"xx";"4-9-XsRB:17";NA;NA;NA;NA;NA;NA;NA;NA;NA;NA;NA;NA;NA;NA;NA;NA;NA;NA;NA;NA;NA;NA;NA;NA;NA;NA;NA
"4-9-XsRB:18";"B-P09";"Barro Branco";"BarroBranco2";"Ponto9";"Barro Branco";"Barro Branco Médio";"Rio";45245;"30/08/2023";1;9;3;"Hemigrammus unilineatus";25.4;18.9;5.5;141;0.141;0.0166535433070866;NA;"xx";"4-9-XsRB:18";NA;NA;NA;NA;NA;NA;NA;NA;NA;NA;NA;NA;NA;NA;NA;NA;NA;NA;NA;NA;NA;NA;NA;NA;NA;NA;NA
"4-9-XsRB:19";"B-P09";"Barro Branco";"BarroBranco2";"Ponto9";"Barro Branco";"Barro Branco Médio";"Rio";45245;"30/08/2023";1;9;3;"Hemigrammus marginatus";30.4;23.7;6.2;220;0.22;0.0217105263157895;NA;"xx";"4-9-XsRB:19";NA;NA;NA;NA;NA;NA;NA;NA;NA;NA;NA;NA;NA;NA;NA;NA;NA;NA;NA;NA;NA;NA;NA;NA;NA;NA;NA
"4-9-XsRB:20";"B-P09";"Barro Branco";"BarroBranco2";"Ponto9";"Barro Branco";"Barro Branco Médio";"Rio";45245;"30/08/2023";1;9;3;"Hemigrammus marginatus";22.8;18.2;3.8;78;0.078;0.0102631578947368;NA;"xx";"4-9-XsRB:20";NA;NA;NA;NA;NA;NA;NA;NA;NA;NA;NA;NA;NA;NA;NA;NA;NA;NA;NA;NA;NA;NA;NA;NA;NA;NA;NA
"4-9-XsRB:21";"B-P09";"Barro Branco";"BarroBranco2";"Ponto9";"Barro Branco";"Barro Branco Médio";"Rio";45245;"30/08/2023";1;9;3;"Hemigrammus marginatus";27.5;21.4;4.8;135;0.135;0.0147272727272727;NA;"xx";"4-9-XsRB:21";NA;NA;NA;NA;NA;NA;NA;NA;NA;NA;NA;NA;NA;NA;NA;NA;NA;NA;NA;NA;NA;NA;NA;NA;NA;NA;NA
"4-9-XsRB:22";"B-P09";"Barro Branco";"BarroBranco2";"Ponto9";"Barro Branco";"Barro Branco Médio";"Rio";45245;"30/08/2023";1;9;3;"Hemigrammus marginatus";30.7;24.7;5.1;160;0.16;0.0156351791530945;NA;"xx";"4-9-XsRB:22";NA;NA;NA;NA;NA;NA;NA;NA;NA;NA;NA;NA;NA;NA;NA;NA;NA;NA;NA;NA;NA;NA;NA;NA;NA;NA;NA
"4-9-XsRB:23";"B-P09";"Barro Branco";"BarroBranco2";"Ponto9";"Barro Branco";"Barro Branco Médio";"Rio";45245;"30/08/2023";1;9;3;"Hemigrammus marginatus";29.1;23.1;6;226;0.226;0.0232989690721649;NA;"xx";"4-9-XsRB:23";NA;NA;NA;NA;NA;NA;NA;NA;NA;NA;NA;NA;NA;NA;NA;NA;NA;NA;NA;NA;NA;NA;NA;NA;NA;NA;NA
"4-9-XsRB:24";"B-P09";"Barro Branco";"BarroBranco2";"Ponto9";"Barro Branco";"Barro Branco Médio";"Rio";45245;"30/08/2023";1;9;3;"Hemigrammus unilineatus";31.1;23.6;7.8;288;0.288;0.0277813504823151;NA;"xx";"4-9-XsRB:24";NA;NA;NA;NA;NA;NA;NA;NA;NA;NA;NA;NA;NA;NA;NA;NA;NA;NA;NA;NA;NA;NA;NA;NA;NA;NA;NA
"4-9-XsRB:25";"B-P09";"Barro Branco";"BarroBranco2";"Ponto9";"Barro Branco";"Barro Branco Médio";"Rio";45245;"30/08/2023";1;9;3;"Hemigrammus unilineatus";27.3;21.9;7.1;196;0.196;0.0215384615384615;NA;"xx";"4-9-XsRB:25";NA;NA;NA;NA;NA;NA;NA;NA;NA;NA;NA;NA;NA;NA;NA;NA;NA;NA;NA;NA;NA;NA;NA;NA;NA;NA;NA
"4-9-XsRB:26";"B-P09";"Barro Branco";"BarroBranco2";"Ponto9";"Barro Branco";"Barro Branco Médio";"Rio";45245;"30/08/2023";1;9;3;"Hemigrammus marginatus";27.8;21.4;5.2;147;0.147;0.015863309352518;NA;"xx";"4-9-XsRB:26";NA;NA;NA;NA;NA;NA;NA;NA;NA;NA;NA;NA;NA;NA;NA;NA;NA;NA;NA;NA;NA;NA;NA;NA;NA;NA;NA
"4-9-XsRB:27";"B-P09";"Barro Branco";"BarroBranco2";"Ponto9";"Barro Branco";"Barro Branco Médio";"Rio";45245;"30/08/2023";1;9;3;"Hemigrammus unilineatus";28.1;21.1;6.4;163;0.163;0.0174021352313167;NA;"xx";"4-9-XsRB:27";NA;NA;NA;NA;NA;NA;NA;NA;NA;NA;NA;NA;NA;NA;NA;NA;NA;NA;NA;NA;NA;NA;NA;NA;NA;NA;NA
"4-9-XsRB:28";"B-P09";"Barro Branco";"BarroBranco2";"Ponto9";"Barro Branco";"Barro Branco Médio";"Rio";45245;"30/08/2023";1;9;3;"Hemigrammus unilineatus";21.5;20;5.8;144;0.144;0.020093023255814;NA;"xx";"4-9-XsRB:28";NA;NA;NA;NA;NA;NA;NA;NA;NA;NA;NA;NA;NA;NA;NA;NA;NA;NA;NA;NA;NA;NA;NA;NA;NA;NA;NA
"4-9-XsRB:29";"B-P09";"Barro Branco";"BarroBranco2";"Ponto9";"Barro Branco";"Barro Branco Médio";"Rio";45245;"30/08/2023";1;9;3;"Hemigrammus unilineatus";27.9;21.1;7.1;192;0.192;0.0206451612903226;NA;"xx";"4-9-XsRB:29";NA;NA;NA;NA;NA;NA;NA;NA;NA;NA;NA;NA;NA;NA;NA;NA;NA;NA;NA;NA;NA;NA;NA;NA;NA;NA;NA
"4-9-XsRB:30";"B-P09";"Barro Branco";"BarroBranco2";"Ponto9";"Barro Branco";"Barro Branco Médio";"Rio";45245;"30/08/2023";1;9;3;"Hemigrammus unilineatus";23.3;20.1;6;141;0.141;0.0181545064377682;NA;"xx";"4-9-XsRB:30";NA;NA;NA;NA;NA;NA;NA;NA;NA;NA;NA;NA;NA;NA;NA;NA;NA;NA;NA;NA;NA;NA;NA;NA;NA;NA;NA
"4-9-XsRB:31";"B-P09";"Barro Branco";"BarroBranco2";"Ponto9";"Barro Branco";"Barro Branco Médio";"Rio";45245;"30/08/2023";1;9;3;"Astyanax fasciatus";35.7;29.1;8;386;0.386;0.032436974789916;NA;"xx";"4-9-XsRB:31";NA;NA;NA;NA;NA;NA;NA;NA;NA;NA;NA;NA;NA;NA;NA;NA;NA;NA;NA;NA;NA;NA;NA;NA;NA;NA;NA
"4-9-XsRB:32";"B-P09";"Barro Branco";"BarroBranco2";"Ponto9";"Barro Branco";"Barro Branco Médio";"Rio";45245;"30/08/2023";1;9;3;"Hemigrammus unilineatus";32.7;25.3;8.8;345;0.345;0.031651376146789;NA;"xx";"4-9-XsRB:32";NA;NA;NA;NA;NA;NA;NA;NA;NA;NA;NA;NA;NA;NA;NA;NA;NA;NA;NA;NA;NA;NA;NA;NA;NA;NA;NA
"4-9-XsRB:33";"B-P09";"Barro Branco";"BarroBranco2";"Ponto9";"Barro Branco";"Barro Branco Médio";"Rio";45245;"30/08/2023";1;9;3;"Hemigrammus marginatus";24.6;20.8;5.5;137;0.137;0.0167073170731707;NA;"xx";"4-9-XsRB:33";NA;NA;NA;NA;NA;NA;NA;NA;NA;NA;NA;NA;NA;NA;NA;NA;NA;NA;NA;NA;NA;NA;NA;NA;NA;NA;NA
"4-9-XsRB:34";"B-P09";"Barro Branco";"BarroBranco2";"Ponto9";"Barro Branco";"Barro Branco Médio";"Rio";45245;"30/08/2023";1;9;3;"Hemigrammus marginatus";32.5;24.1;6.8;285;0.285;0.0263076923076923;NA;"xx";"4-9-XsRB:34";NA;NA;NA;NA;NA;NA;NA;NA;NA;NA;NA;NA;NA;NA;NA;NA;NA;NA;NA;NA;NA;NA;NA;NA;NA;NA;NA
"4-9-XsRB:35";"B-P09";"Barro Branco";"BarroBranco2";"Ponto9";"Barro Branco";"Barro Branco Médio";"Rio";45245;"30/08/2023";1;9;3;"Hemigrammus unilineatus";25.9;20.4;6.2;157;0.157;0.0181853281853282;NA;"xx";"4-9-XsRB:35";NA;NA;NA;NA;NA;NA;NA;NA;NA;NA;NA;NA;NA;NA;NA;NA;NA;NA;NA;NA;NA;NA;NA;NA;NA;NA;NA
"4-9-XsRB:36";"B-P09";"Barro Branco";"BarroBranco2";"Ponto9";"Barro Branco";"Barro Branco Médio";"Rio";45245;"30/08/2023";1;9;3;"Hemigrammus marginatus";31;24.4;6.4;214;0.214;0.0207096774193548;NA;"xx";"4-9-XsRB:36";NA;NA;NA;NA;NA;NA;NA;NA;NA;NA;NA;NA;NA;NA;NA;NA;NA;NA;NA;NA;NA;NA;NA;NA;NA;NA;NA
"4-9-XsRB:37";"B-P09";"Barro Branco";"BarroBranco2";"Ponto9";"Barro Branco";"Barro Branco Médio";"Rio";45245;"30/08/2023";1;9;3;"Astyanax fasciatus";26.4;23.8;6.3;206;0.206;0.0234090909090909;NA;"xx";"4-9-XsRB:37";NA;NA;NA;NA;NA;NA;NA;NA;NA;NA;NA;NA;NA;NA;NA;NA;NA;NA;NA;NA;NA;NA;NA;NA;NA;NA;NA
"4-9-XsRB:38";"B-P09";"Barro Branco";"BarroBranco2";"Ponto9";"Barro Branco";"Barro Branco Médio";"Rio";45245;"30/08/2023";1;9;3;"Hemigrammus marginatus";29;25;7.7;277;0.277;0.0286551724137931;NA;"xx";"4-9-XsRB:38";NA;NA;NA;NA;NA;NA;NA;NA;NA;NA;NA;NA;NA;NA;NA;NA;NA;NA;NA;NA;NA;NA;NA;NA;NA;NA;NA
"4-9-XsRB:39";"B-P09";"Barro Branco";"BarroBranco2";"Ponto9";"Barro Branco";"Barro Branco Médio";"Rio";45245;"30/08/2023";1;9;3;"Hemigrammus marginatus";32.1;25.4;6.4;265;0.265;0.0247663551401869;NA;"xx";"4-9-XsRB:39";NA;NA;NA;NA;NA;NA;NA;NA;NA;NA;NA;NA;NA;NA;NA;NA;NA;NA;NA;NA;NA;NA;NA;NA;NA;NA;NA
"4-9-XsRB:40";"B-P09";"Barro Branco";"BarroBranco2";"Ponto9";"Barro Branco";"Barro Branco Médio";"Rio";45245;"30/08/2023";1;9;3;"Hemigrammus unilineatus";23.3;18.2;5.6;120;0.12;0.015450643776824;NA;"xx";"4-9-XsRB:40";NA;NA;NA;NA;NA;NA;NA;NA;NA;NA;NA;NA;NA;NA;NA;NA;NA;NA;NA;NA;NA;NA;NA;NA;NA;NA;NA
"4-9-XsRB:41";"B-P09";"Barro Branco";"BarroBranco2";"Ponto9";"Barro Branco";"Barro Branco Médio";"Rio";45245;"30/08/2023";1;9;3;"Hemigrammus marginatus";31.1;24.5;5.4;207;0.207;0.019967845659164;NA;"xx";"4-9-XsRB:41";NA;NA;NA;NA;NA;NA;NA;NA;NA;NA;NA;NA;NA;NA;NA;NA;NA;NA;NA;NA;NA;NA;NA;NA;NA;NA;NA
"4-9-XsRB:42";"B-P09";"Barro Branco";"BarroBranco2";"Ponto9";"Barro Branco";"Barro Branco Médio";"Rio";45245;"30/08/2023";1;9;3;"Hemigrammus marginatus";30.2;25.2;6.9;280;0.28;0.0278145695364238;NA;"xx";"4-9-XsRB:42";NA;NA;NA;NA;NA;NA;NA;NA;NA;NA;NA;NA;NA;NA;NA;NA;NA;NA;NA;NA;NA;NA;NA;NA;NA;NA;NA
"4-9-XsRB:43";"B-P09";"Barro Branco";"BarroBranco2";"Ponto9";"Barro Branco";"Barro Branco Médio";"Rio";45245;"30/08/2023";1;9;3;"Hemigrammus marginatus";23.1;25;6.9;269;0.269;0.0349350649350649;NA;"xx";"4-9-XsRB:43";NA;NA;NA;NA;NA;NA;NA;NA;NA;NA;NA;NA;NA;NA;NA;NA;NA;NA;NA;NA;NA;NA;NA;NA;NA;NA;NA
"4-9-XsRB:44";"B-P09";"Barro Branco";"BarroBranco2";"Ponto9";"Barro Branco";"Barro Branco Médio";"Rio";45245;"30/08/2023";1;9;3;"Hemigrammus marginatus";27;21.3;5.1;145;0.145;0.0161111111111111;NA;"xx";"4-9-XsRB:44";NA;NA;NA;NA;NA;NA;NA;NA;NA;NA;NA;NA;NA;NA;NA;NA;NA;NA;NA;NA;NA;NA;NA;NA;NA;NA;NA
"4-9-XsRB:45";"B-P09";"Barro Branco";"BarroBranco2";"Ponto9";"Barro Branco";"Barro Branco Médio";"Rio";45245;"30/08/2023";1;9;3;"Hemigrammus unilineatus";27.9;21.1;6.6;197;0.197;0.0211827956989247;NA;"xx";"4-9-XsRB:45";NA;NA;NA;NA;NA;NA;NA;NA;NA;NA;NA;NA;NA;NA;NA;NA;NA;NA;NA;NA;NA;NA;NA;NA;NA;NA;NA
"4-9-XsRB:46";"B-P09";"Barro Branco";"BarroBranco2";"Ponto9";"Barro Branco";"Barro Branco Médio";"Rio";45245;"30/08/2023";1;9;3;"Hemigrammus unilineatus";30.1;24.2;7.5;266;0.266;0.0265116279069767;NA;"xx";"4-9-XsRB:46";NA;NA;NA;NA;NA;NA;NA;NA;NA;NA;NA;NA;NA;NA;NA;NA;NA;NA;NA;NA;NA;NA;NA;NA;NA;NA;NA
"4-9-XsRB:47";"B-P09";"Barro Branco";"BarroBranco2";"Ponto9";"Barro Branco";"Barro Branco Médio";"Rio";45245;"30/08/2023";1;9;3;"Hemigrammus marginatus";27.3;21.7;4.4;122;0.122;0.0134065934065934;NA;"xx";"4-9-XsRB:47";NA;NA;NA;NA;NA;NA;NA;NA;NA;NA;NA;NA;NA;NA;NA;NA;NA;NA;NA;NA;NA;NA;NA;NA;NA;NA;NA
"4-9-XsRB:48";"B-P09";"Barro Branco";"BarroBranco2";"Ponto9";"Barro Branco";"Barro Branco Médio";"Rio";45245;"30/08/2023";1;9;3;"Hemigrammus marginatus";21.8;18.3;4.6;90;0.09;0.0123853211009174;NA;"xx";"4-9-XsRB:48";NA;NA;NA;NA;NA;NA;NA;NA;NA;NA;NA;NA;NA;NA;NA;NA;NA;NA;NA;NA;NA;NA;NA;NA;NA;NA;NA
"4-9-XsRB:49";"B-P09";"Barro Branco";"BarroBranco2";"Ponto9";"Barro Branco";"Barro Branco Médio";"Rio";45245;"30/08/2023";1;9;3;"Hemigrammus marginatus";26.2;21.4;4.7;123;0.123;0.0140839694656489;NA;"xx";"4-9-XsRB:49";NA;NA;NA;NA;NA;NA;NA;NA;NA;NA;NA;NA;NA;NA;NA;NA;NA;NA;NA;NA;NA;NA;NA;NA;NA;NA;NA
"4-9-XsRB:50";"B-P09";"Barro Branco";"BarroBranco2";"Ponto9";"Barro Branco";"Barro Branco Médio";"Rio";45245;"30/08/2023";1;9;3;"Hemigrammus unilineatus";26.3;21.8;6.7;190;0.19;0.0216730038022814;NA;"xx";"4-9-XsRB:50";NA;NA;NA;NA;NA;NA;NA;NA;NA;NA;NA;NA;NA;NA;NA;NA;NA;NA;NA;NA;NA;NA;NA;NA;NA;NA;NA
"4-9-XsRB:51";"B-P09";"Barro Branco";"BarroBranco2";"Ponto9";"Barro Branco";"Barro Branco Médio";"Rio";45245;"30/08/2023";1;9;3;"Hemigrammus unilineatus";27.6;23.2;6.7;232;0.232;0.0252173913043478;NA;"xx";"4-9-XsRB:51";NA;NA;NA;NA;NA;NA;NA;NA;NA;NA;NA;NA;NA;NA;NA;NA;NA;NA;NA;NA;NA;NA;NA;NA;NA;NA;NA
"4-9-XsRB:52";"B-P09";"Barro Branco";"BarroBranco2";"Ponto9";"Barro Branco";"Barro Branco Médio";"Rio";45245;"30/08/2023";1;9;3;"Hemigrammus unilineatus";23.7;23.3;8;231;0.231;0.0292405063291139;NA;"xx";"4-9-XsRB:52";NA;NA;NA;NA;NA;NA;NA;NA;NA;NA;NA;NA;NA;NA;NA;NA;NA;NA;NA;NA;NA;NA;NA;NA;NA;NA;NA
"4-9-XsRB:53";"B-P09";"Barro Branco";"BarroBranco2";"Ponto9";"Barro Branco";"Barro Branco Médio";"Rio";45245;"30/08/2023";1;9;3;"Hemigrammus marginatus";23.7;20;4.7;107;0.107;0.0135443037974684;NA;"xx";"4-9-XsRB:53";NA;NA;NA;NA;NA;NA;NA;NA;NA;NA;NA;NA;NA;NA;NA;NA;NA;NA;NA;NA;NA;NA;NA;NA;NA;NA;NA
"4-9-XsRB:54";"B-P09";"Barro Branco";"BarroBranco2";"Ponto9";"Barro Branco";"Barro Branco Médio";"Rio";45245;"30/08/2023";1;9;3;"Hemigrammus marginatus";32.5;25.6;6.5;265;0.265;0.0244615384615385;NA;"xx";"4-9-XsRB:54";NA;NA;NA;NA;NA;NA;NA;NA;NA;NA;NA;NA;NA;NA;NA;NA;NA;NA;NA;NA;NA;NA;NA;NA;NA;NA;NA
"4-9-XsRB:55";"B-P09";"Barro Branco";"BarroBranco2";"Ponto9";"Barro Branco";"Barro Branco Médio";"Rio";45245;"30/08/2023";1;9;3;"Hemigrammus marginatus";28.9;22.8;5.1;159;0.159;0.0165051903114187;NA;"xx";"4-9-XsRB:55";NA;NA;NA;NA;NA;NA;NA;NA;NA;NA;NA;NA;NA;NA;NA;NA;NA;NA;NA;NA;NA;NA;NA;NA;NA;NA;NA
"4-9-XsRB:56";"B-P09";"Barro Branco";"BarroBranco2";"Ponto9";"Barro Branco";"Barro Branco Médio";"Rio";45245;"30/08/2023";1;9;3;"Hemigrammus unilineatus";27.7;21.5;6.3;174;0.174;0.0188447653429603;NA;"xx";"4-9-XsRB:56";NA;NA;NA;NA;NA;NA;NA;NA;NA;NA;NA;NA;NA;NA;NA;NA;NA;NA;NA;NA;NA;NA;NA;NA;NA;NA;NA
"4-9-XsRB:57";"B-P09";"Barro Branco";"BarroBranco2";"Ponto9";"Barro Branco";"Barro Branco Médio";"Rio";45245;"30/08/2023";1;9;3;"Hemigrammus unilineatus";29;22.1;6.8;235;0.235;0.0243103448275862;"*estimado (4-9-XsRB:56)";"xx";"4-9-XsRB:57";NA;NA;NA;NA;NA;NA;NA;NA;NA;NA;NA;NA;NA;NA;NA;NA;NA;NA;NA;NA;NA;NA;NA;NA;NA;NA;NA
"4-9-XsRB:58";"B-P09";"Barro Branco";"BarroBranco2";"Ponto9";"Barro Branco";"Barro Branco Médio";"Rio";45245;"30/08/2023";1;9;3;"Hemigrammus rodwayi";29.9;24.2;6.2;194;0.194;0.0194648829431438;NA;"xx";"4-9-XsRB:58";NA;NA;NA;NA;NA;NA;NA;NA;NA;NA;NA;NA;NA;NA;NA;NA;NA;NA;NA;NA;NA;NA;NA;NA;NA;NA;NA
"4-9-XsRB:59";"B-P09";"Barro Branco";"BarroBranco2";"Ponto9";"Barro Branco";"Barro Branco Médio";"Rio";45245;"30/08/2023";1;9;3;"Hemigrammus marginatus";25;20.9;6.4;170;0.17;0.0204;"*estimado (4-9-XsRB:35)";"xx";"4-9-XsRB:59";NA;NA;NA;NA;NA;NA;NA;NA;NA;NA;NA;NA;NA;NA;NA;NA;NA;NA;NA;NA;NA;NA;NA;NA;NA;NA;NA
"4-9-XsRB:60";"B-P09";"Barro Branco";"BarroBranco2";"Ponto9";"Barro Branco";"Barro Branco Médio";"Rio";45245;"30/08/2023";1;9;3;"Hemigrammus unilineatus";30.2;26.3;8.4;331;0.331;0.0328807947019868;NA;"xx";"4-9-XsRB:60";NA;NA;NA;NA;NA;NA;NA;NA;NA;NA;NA;NA;NA;NA;NA;NA;NA;NA;NA;NA;NA;NA;NA;NA;NA;NA;NA
"4-9-XsRB:61";"B-P09";"Barro Branco";"BarroBranco2";"Ponto9";"Barro Branco";"Barro Branco Médio";"Rio";45245;"30/08/2023";1;9;3;"Hemigrammus marginatus";29.2;23.4;5.3;175;0.175;0.0179794520547945;NA;"xx";"4-9-XsRB:61";NA;NA;NA;NA;NA;NA;NA;NA;NA;NA;NA;NA;NA;NA;NA;NA;NA;NA;NA;NA;NA;NA;NA;NA;NA;NA;NA
"4-9-XsRB:62";"B-P09";"Barro Branco";"BarroBranco2";"Ponto9";"Barro Branco";"Barro Branco Médio";"Rio";45245;"30/08/2023";1;9;3;"Hemigrammus marginatus";27.1;21.4;4.7;140;0.14;0.0154981549815498;NA;"xx";"4-9-XsRB:62";NA;NA;NA;NA;NA;NA;NA;NA;NA;NA;NA;NA;NA;NA;NA;NA;NA;NA;NA;NA;NA;NA;NA;NA;NA;NA;NA
"4-9-XsRB:63";"B-P09";"Barro Branco";"BarroBranco2";"Ponto9";"Barro Branco";"Barro Branco Médio";"Rio";45245;"30/08/2023";1;9;3;"Hemigrammus unilineatus";20.8;18.2;5.5;110;0.11;0.0158653846153846;NA;"xx";"4-9-XsRB:63";NA;NA;NA;NA;NA;NA;NA;NA;NA;NA;NA;NA;NA;NA;NA;NA;NA;NA;NA;NA;NA;NA;NA;NA;NA;NA;NA
"4-9-XsRB:64";"B-P09";"Barro Branco";"BarroBranco2";"Ponto9";"Barro Branco";"Barro Branco Médio";"Rio";45245;"30/08/2023";1;9;3;"Hemigrammus marginatus";30;23.4;5.8;220;0.22;0.022;"*estimado (4-9-XsRB:61)";"xx";"4-9-XsRB:64";NA;NA;NA;NA;NA;NA;NA;NA;NA;NA;NA;NA;NA;NA;NA;NA;NA;NA;NA;NA;NA;NA;NA;NA;NA;NA;NA
"4-9-XsRB:65";"B-P09";"Barro Branco";"BarroBranco2";"Ponto9";"Barro Branco";"Barro Branco Médio";"Rio";45245;"30/08/2023";1;9;3;"Hemigrammus marginatus";28.8;22;4.2;123;0.123;0.0128125;NA;"xx";"4-9-XsRB:65";NA;NA;NA;NA;NA;NA;NA;NA;NA;NA;NA;NA;NA;NA;NA;NA;NA;NA;NA;NA;NA;NA;NA;NA;NA;NA;NA
"4-9-XsRB:66";"B-P09";"Barro Branco";"BarroBranco2";"Ponto9";"Barro Branco";"Barro Branco Médio";"Rio";45245;"30/08/2023";1;9;3;"Hemigrammus rodwayi";23.8;19.6;5.3;126;0.126;0.0158823529411765;NA;"xx";"4-9-XsRB:66";NA;NA;NA;NA;NA;NA;NA;NA;NA;NA;NA;NA;NA;NA;NA;NA;NA;NA;NA;NA;NA;NA;NA;NA;NA;NA;NA
"4-9-XsRB:67";"B-P09";"Barro Branco";"BarroBranco2";"Ponto9";"Barro Branco";"Barro Branco Médio";"Rio";45245;"30/08/2023";1;9;3;"Hemigrammus marginatus";27.1;22.4;5.5;164;0.164;0.0181549815498155;NA;"xx";"4-9-XsRB:67";NA;NA;NA;NA;NA;NA;NA;NA;NA;NA;NA;NA;NA;NA;NA;NA;NA;NA;NA;NA;NA;NA;NA;NA;NA;NA;NA
"4-9-XsRB:68";"B-P09";"Barro Branco";"BarroBranco2";"Ponto9";"Barro Branco";"Barro Branco Médio";"Rio";45245;"30/08/2023";1;9;3;"Hemigrammus rodwayi";22.2;18.9;5.3;116;0.116;0.0156756756756757;NA;"xx";"4-9-XsRB:68";NA;NA;NA;NA;NA;NA;NA;NA;NA;NA;NA;NA;NA;NA;NA;NA;NA;NA;NA;NA;NA;NA;NA;NA;NA;NA;NA
"4-9-XsRB:69";"B-P09";"Barro Branco";"BarroBranco2";"Ponto9";"Barro Branco";"Barro Branco Médio";"Rio";45245;"30/08/2023";1;9;3;"Hemigrammus marginatus";20.2;17.5;3.3;74;0.074;0.010990099009901;NA;"xx";"4-9-XsRB:69";NA;NA;NA;NA;NA;NA;NA;NA;NA;NA;NA;NA;NA;NA;NA;NA;NA;NA;NA;NA;NA;NA;NA;NA;NA;NA;NA
"4-9-XsRB:70";"B-P09";"Barro Branco";"BarroBranco2";"Ponto9";"Barro Branco";"Barro Branco Médio";"Rio";45245;"30/08/2023";1;9;3;"Hemigrammus unilineatus";23.1;19;5.7;132;0.132;0.0171428571428571;NA;"xx";"4-9-XsRB:70";NA;NA;NA;NA;NA;NA;NA;NA;NA;NA;NA;NA;NA;NA;NA;NA;NA;NA;NA;NA;NA;NA;NA;NA;NA;NA;NA
"4-9-XsRB:71";"B-P09";"Barro Branco";"BarroBranco2";"Ponto9";"Barro Branco";"Barro Branco Médio";"Rio";45245;"30/08/2023";1;9;3;"Hemigrammus marginatus";28.1;22.2;5.9;182;0.182;0.0194306049822064;NA;"xx";"4-9-XsRB:71";NA;NA;NA;NA;NA;NA;NA;NA;NA;NA;NA;NA;NA;NA;NA;NA;NA;NA;NA;NA;NA;NA;NA;NA;NA;NA;NA
"4-9-XsRB:72";"B-P09";"Barro Branco";"BarroBranco2";"Ponto9";"Barro Branco";"Barro Branco Médio";"Rio";45245;"30/08/2023";1;9;3;"Astyanax bimaculatus";19;16.1;3.9;85;0.085;0.0134210526315789;"*estimado (4-9-XsRB:69)";"xx";"4-9-XsRB:72";NA;NA;NA;NA;NA;NA;NA;NA;NA;NA;NA;NA;NA;NA;NA;NA;NA;NA;NA;NA;NA;NA;NA;NA;NA;NA;NA
"4-9-XsRB:73";"B-P09";"Barro Branco";"BarroBranco2";"Ponto9";"Barro Branco";"Barro Branco Médio";"Rio";45245;"30/08/2023";1;9;3;"Hemigrammus marginatus";28.6;21.7;5.1;144;0.144;0.0151048951048951;NA;"xx";"4-9-XsRB:73";NA;NA;NA;NA;NA;NA;NA;NA;NA;NA;NA;NA;NA;NA;NA;NA;NA;NA;NA;NA;NA;NA;NA;NA;NA;NA;NA
"4-9-XsRB:74";"B-P09";"Barro Branco";"BarroBranco2";"Ponto9";"Barro Branco";"Barro Branco Médio";"Rio";45245;"30/08/2023";1;9;3;"Hemigrammus marginatus";24.4;20;4.6;121;0.121;0.0148770491803279;NA;"xx";"4-9-XsRB:74";NA;NA;NA;NA;NA;NA;NA;NA;NA;NA;NA;NA;NA;NA;NA;NA;NA;NA;NA;NA;NA;NA;NA;NA;NA;NA;NA
"AD4-9-1";"B-P09";"Barro Branco";"BarroBranco2";"Ponto9";"Barro Branco";"Barro Branco Médio";"Rio";45245;"30/08/2023";1;9;3;"Astyanax fasciatus";41.5;32.2;10;502;0.502;0.036289156626506;NA;"th";"AD4-9-1";"AD4-9-1";"1";"AD4-9-1";"1";NA;NA;NA;NA;NA;NA;NA;NA;"1.0350999999999999";"1.0969";"1.0368999999999999";"6.1800000000000001E-2";"1.8E-3";"0.97087378639999999";"97.087378639999997";"1.0673999999999999";"1.1315999999999999";"1.075";"6.4199999999999993E-2";"7.6E-3";"0.88161993770000002";"88.161993769999995";80.1
"AD4-9-2";"B-P09";"Barro Branco";"BarroBranco2";"Ponto9";"Barro Branco";"Barro Branco Médio";"Rio";45245;"30/08/2023";1;9;3;"Astyanax fasciatus";56.8;43.1;14.1;1466;1.466;0.0774295774647887;NA;"th";"AD4-9-2";"AD4-9-2";"2";"AD4-9-2";"2";NA;NA;NA;NA;NA;NA;NA;NA;"1.0245";"1.0647";"1.0306999999999999";"4.02E-2";"6.1999999999999998E-3";"0.8457711443";"84.577114429999995";"1.0397000000000001";"1.1109";"1.0511999999999999";"7.1199999999999999E-2";"1.15E-2";"0.83848314609999997";"83.848314610000003";71.71
"AD4-9-3";"B-P09";"Barro Branco";"BarroBranco2";"Ponto9";"Barro Branco";"Barro Branco Médio";"Rio";45245;"30/08/2023";1;9;3;"Astyanax fasciatus";51.2;40.7;12.1;924;0.924;0.054140625;NA;"th";"AD4-9-3";"AD4-9-3";"3";"AD4-9-3";"3";NA;NA;NA;NA;NA;NA;NA;NA;"1.0431999999999999";"1.0589";"1.0454000000000001";"1.5699999999999999E-2";"2.2000000000000001E-3";"0.85987261150000005";"85.987261149999995";"1.0355000000000001";"1.1032999999999999";"1.0452999999999999";"6.7799999999999999E-2";"9.7999999999999997E-3";"0.85545722710000005";"85.545722710000007";98.05
"AD4-9-4";"B-P09";"Barro Branco";"BarroBranco2";"Ponto9";"Barro Branco";"Barro Branco Médio";"Rio";45245;"30/08/2023";1;9;3;"Astyanax bimaculatus";51.5;39.3;14.5;1280;1.28;0.0745631067961165;NA;"th";"AD4-9-4";"AD4-9-4";"4";"AD4-9-4";"4";NA;NA;NA;NA;NA;NA;NA;NA;"1.0509999999999999";"1.0775999999999999";"1.0552999999999999";"2.6599999999999999E-2";"4.3E-3";"0.83834586470000005";"83.834586470000005";"1.0606";"1.1039000000000001";"1.0709";"4.3299999999999998E-2";"1.03E-2";"0.76212471130000004";"76.212471129999997";79
"AD4-9-5";"B-P09";"Barro Branco";"BarroBranco2";"Ponto9";"Barro Branco";"Barro Branco Médio";"Rio";45245;"30/08/2023";1;9;3;"Astyanax fasciatus";52.1;42.5;13.1;1029;1.029;0.0592514395393474;NA;"th";"AD4-9-5";"AD4-9-5";"5";"AD4-9-5";"5";NA;NA;NA;NA;NA;NA;NA;NA;"1.0519000000000001";"1.0665";"1.0541";"1.46E-2";"2.2000000000000001E-3";"0.84931506850000005";"84.931506850000005";"1.0230999999999999";"1.087";"1.0337000000000001";"6.3899999999999998E-2";"1.06E-2";"0.83411580590000001";"83.41158059";77.52
"AD4-9-6";"B-P09";"Barro Branco";"BarroBranco2";"Ponto9";"Barro Branco";"Barro Branco Médio";"Rio";45245;"30/08/2023";1;9;3;"Astyanax fasciatus";37.5;27.9;10.4;530;0.53;0.0424;NA;"th";"AD4-9-6";"AD4-9-6";"6";"AD4-9-6";"6";NA;NA;NA;NA;NA;NA;NA;NA;"1.0553999999999999";"1.0649";"1.0564";"9.4999999999999998E-3";"1E-3";"0.89473684210000004";"89.473684210000002";"1.0668";"1.1008";"1.0714999999999999";"3.4000000000000002E-2";"4.7000000000000002E-3";"0.86176470589999998";"86.176470589999994";80
"AD4-9-7";"B-P09";"Barro Branco";"BarroBranco2";"Ponto9";"Barro Branco";"Barro Branco Médio";"Rio";45245;"30/08/2023";1;9;3;"Astyanax fasciatus";51;40.6;12.6;1206;1.206;0.0709411764705882;NA;"th";"AD4-9-7";"AD4-9-7";"7";"AD4-9-7";"7";NA;NA;NA;NA;NA;NA;NA;NA;"1.0678000000000001";"1.0996999999999999";"1.0692999999999999";"3.1899999999999998E-2";"1.5E-3";"0.9529780564";"95.297805640000007";"1.0345";"1.0967";"1.0450999999999999";"6.2199999999999998E-2";"1.06E-2";"0.82958199359999996";"82.958199359999995";64.95
"AD4-9-8";"B-P09";"Barro Branco";"BarroBranco2";"Ponto9";"Barro Branco";"Barro Branco Médio";"Rio";45245;"30/08/2023";1;9;3;"Astyanax fasciatus";47.4;38.3;11.4;794;0.794;0.050253164556962;NA;"th";"AD4-9-8";"AD4-9-8";"8";"AD4-9-8";"8";NA;NA;NA;NA;NA;NA;NA;NA;"1.0359";"1.0527";"1.0381";"1.6799999999999999E-2";"2.2000000000000001E-3";"0.86904761900000005";"86.904761899999997";"1.0322";"1.1028";"1.0429999999999999";"7.0599999999999996E-2";"1.0800000000000001E-2";"0.84702549579999997";"84.702549579999996";59.16
"AD4-9-9";"B-P09";"Barro Branco";"BarroBranco2";"Ponto9";"Barro Branco";"Barro Branco Médio";"Rio";45245;"30/08/2023";1;9;3;"Astyanax fasciatus";38.4;29.6;8.5;399;0.399;0.031171875;NA;"th";"AD4-9-9";"AD4-9-9";"9";"AD4-9-9";"9";NA;NA;NA;NA;NA;NA;NA;NA;"1.0424";"1.0469999999999999";"1.0427999999999999";"4.5999999999999999E-3";"4.0000000000000002E-4";"0.91304347829999999";"91.304347829999998";"1.0426";"1.0731999999999999";"1.0477000000000001";"3.0599999999999999E-2";"5.1000000000000004E-3";"0.83333333330000003";"83.333333330000002";NA
"AD4-9-10";"B-P09";"Barro Branco";"BarroBranco2";"Ponto9";"Barro Branco";"Barro Branco Médio";"Rio";45245;"30/08/2023";1;9;3;"Hemigrammus unilineatus";39.9;30.7;9.8;447;0.447;0.033609022556391;NA;"th";"AD4-9-10";"AD4-9-10";"10";"AD4-9-10";"10";NA;NA;NA;NA;NA;NA;NA;NA;"1.0602";"1.0807";"1.0613999999999999";"2.0500000000000001E-2";"1.1999999999999999E-3";"0.94146341460000005";"94.146341460000002";"1.0532999999999999";"1.1041000000000001";"1.0599000000000001";"5.0799999999999998E-2";"6.6E-3";"0.87007874019999998";"87.007874020000003";NA
"AD4-9-11";"B-P09";"Barro Branco";"BarroBranco2";"Ponto9";"Barro Branco";"Barro Branco Médio";"Rio";45245;"30/08/2023";1;9;3;"Hemigrammus unilineatus";38.6;30;10.4;457;0.457;0.0355181347150259;NA;"th";"AD4-9-11";"AD4-9-11";"11";"AD4-9-11";"11";NA;NA;NA;NA;NA;NA;NA;NA;"1.0488999999999999";"1.0691999999999999";"1.0508999999999999";"2.0299999999999999E-2";"2E-3";"0.90147783250000002";"90.147783250000003";"1.0396000000000001";"1.0717000000000001";"1.0439000000000001";"3.2099999999999997E-2";"4.3E-3";"0.86604361370000005";"86.604361370000007";77.73
"AD4-9-12";"B-P09";"Barro Branco";"BarroBranco2";"Ponto9";"Barro Branco";"Barro Branco Médio";"Rio";45245;"30/08/2023";1;9;3;"Hemigrammus unilineatus";35.3;26.4;9.1;303;0.303;0.0257507082152975;NA;"th";"AD4-9-12";"AD4-9-12";"12";"AD4-9-12";"12";NA;NA;NA;NA;NA;NA;NA;NA;"1.0343";"1.0509999999999999";"1.0351999999999999";"1.67E-2";"8.9999999999999998E-4";"0.94610778439999998";"94.610778440000004";"1.0418000000000001";"1.0568";"1.0448999999999999";"1.4999999999999999E-2";"3.0999999999999999E-3";"0.7933333333";"79.333333330000002";63.96
"AD4-9-13";"B-P09";"Barro Branco";"BarroBranco2";"Ponto9";"Barro Branco";"Barro Branco Médio";"Rio";45245;"30/08/2023";1;9;3;"Astyanax fasciatus";44.6;35.1;10.5;539;0.539;0.0362556053811659;NA;"th";"AD4-9-13";"AD4-9-13";"13";"AD4-9-13";"13";NA;NA;NA;NA;NA;NA;NA;NA;"1.0527";"1.0814999999999999";"1.0543";"2.8799999999999999E-2";"1.6000000000000001E-3";"0.94444444439999997";"94.444444439999998";"1.0671999999999999";"1.1104000000000001";"1.0737000000000001";"4.3200000000000002E-2";"6.4999999999999997E-3";"0.84953703700000005";"84.953703700000005";64.29
"AD4-8-14,1";"B-P08";"Barro Branco";"BarroBranco2";"Ponto9";"Barro Branco";"Barro Branco Médio";"Rio";45245;"30/08/2023";1;8;4;"Hemigrammus rodwayi";34.8;27;6.9;241;0.241;0.0207758620689655;"*peixe 4-8-14";"th";"AD4-9-14,1";"AD4-9-14,1";"14";"AD4-9-14,1";"14";NA;NA;NA;NA;NA;NA;NA;NA;"0.93049999999999999";"0.93799999999999994";"0.93189999999999995";"7.4999999999999997E-3";"1.4E-3";"0.81333333330000002";"81.333333330000002";"0.92749999999999999";"0.94579999999999997";"0.93100000000000005";"1.83E-2";"3.5000000000000001E-3";"0.80874316940000002";"80.87431694";87.81
"AD4-9-14,2";"B-P09";"Barro Branco";"BarroBranco2";"Ponto9";"Barro Branco";"Barro Branco Médio";"Rio";45245;"30/08/2023";1;9;3;"Astyanax fasciatus";33.3;26.4;8.8;294;0.294;0.0264864864864865;NA;"th";"AD4-9-14,2";"AD4-9-14,2";"14";"AD4-9-14,2";"14";NA;NA;NA;NA;NA;NA;NA;NA;"1.0402";"1.0539000000000001";"1.0417000000000001";"1.37E-2";"1.5E-3";"0.89051094890000004";"89.051094890000002";"1.0689";"1.0928";"1.0718000000000001";"2.3900000000000001E-2";"2.8999999999999998E-3";"0.87866108789999997";"87.866108789999998";NA
"AD4-9-X:1";"B-P09";"Barro Branco";"BarroBranco2";"Ponto9";"Barro Branco";"Barro Branco Médio";"Rio";45245;"30/08/2023";1;9;3;"Astyanax fasciatus";31.9;24.7;6.5;266;0.266;0.0250156739811912;NA;"xx";"AD4-9-X:1";NA;NA;NA;NA;NA;NA;NA;NA;NA;NA;NA;NA;NA;NA;NA;NA;NA;NA;NA;NA;NA;NA;NA;NA;NA;NA;NA
"AD4-9-X:2";"B-P09";"Barro Branco";"BarroBranco2";"Ponto9";"Barro Branco";"Barro Branco Médio";"Rio";45245;"30/08/2023";1;9;3;"Astyanax fasciatus";23.6;20.6;5.8;154;0.154;0.0195762711864407;NA;"xx";"AD4-9-X:2";NA;NA;NA;NA;NA;NA;NA;NA;NA;NA;NA;NA;NA;NA;NA;NA;NA;NA;NA;NA;NA;NA;NA;NA;NA;NA;NA
"AD4-9-X:3";"B-P09";"Barro Branco";"BarroBranco2";"Ponto9";"Barro Branco";"Barro Branco Médio";"Rio";45245;"30/08/2023";1;9;3;"Hemigrammus rodwayi";16.6;14.4;4.2;52;0.052;0.00939759036144578;NA;"xx";"AD4-9-X:3";NA;NA;NA;NA;NA;NA;NA;NA;NA;NA;NA;NA;NA;NA;NA;NA;NA;NA;NA;NA;NA;NA;NA;NA;NA;NA;NA
"4-10-92";"B-P10";"Barro Branco";"BarroBranco2";"Ponto10";"Barro Branco";"Barro Branco Baixo";"Rio";45245;"30/08/2023";1;10;4;"Astyanax bimaculatus";49.8;37.5;14.4;1361;1.361;0.0819879518072289;NA;"rd";"4-10-92";"4-10-92";"P92";"4-10-92";"P92";0.9235;0.9516;28.1;1309856;1403092;1370396;1361114.66666667;48438.2443653618;NA;NA;NA;NA;NA;NA;NA;NA;NA;NA;NA;NA;NA;NA;NA
"4-10-93";"B-P10";"Barro Branco";"BarroBranco2";"Ponto10";"Barro Branco";"Barro Branco Baixo";"Rio";45245;"30/08/2023";1;10;4;"Astyanax fasciatus";48.2;37.6;11.2;959;0.959;0.0596887966804979;NA;"rd";"4-10-93";"4-10-93";"P93";"4-10-93";"P93";0.9007;0.924;23.3000000000001;949773;1030935;1098208;1026305.33333333;44047.4391988553;NA;NA;NA;NA;NA;NA;NA;NA;NA;NA;NA;NA;NA;NA;NA
"4-10-94";"B-P10";"Barro Branco";"BarroBranco2";"Ponto10";"Barro Branco";"Barro Branco Baixo";"Rio";45245;"30/08/2023";1;10;4;"Astyanax fasciatus";49.5;39.3;11.4;1041;1.041;0.0630909090909091;NA;"rd";"4-10-94";"4-10-94";"P94";"4-10-94";"P94";1.1239;1.1406;16.7000000000002;750733;799720;864634;805029;48205.3293413169;NA;NA;NA;NA;NA;NA;NA;NA;NA;NA;NA;NA;NA;NA;NA
"4-10-95";"B-P10";"Barro Branco";"BarroBranco2";"Ponto10";"Barro Branco";"Barro Branco Baixo";"Rio";45245;"30/08/2023";1;10;4;"Astyanax fasciatus";49.9;39.2;11.6;1143;1.143;0.0687174348697395;NA;"rd";"4-10-95";"4-10-95";"P95";"4-10-95";"P95";1.1348;1.169;34.2;723778;809726;776197;769900.333333333;22511.7056530214;NA;NA;NA;NA;NA;NA;NA;NA;NA;NA;NA;NA;NA;NA;NA
"4-10-96";"B-P10";"Barro Branco";"BarroBranco2";"Ponto10";"Barro Branco";"Barro Branco Baixo";"Rio";45245;"30/08/2023";1;10;4;"Hemigrammus rodwayi";28.6;22.9;6.5;186;0.186;0.0195104895104895;NA;"rd";"4-10-96";"4-10-96";"P96";"4-10-96";"P96";0.9338;0.9484;14.6000000000001;252174;265334;237237;251581.666666667;17231.6210045661;NA;NA;NA;NA;NA;NA;NA;NA;NA;NA;NA;NA;NA;NA;NA
"4-10-97";"B-P10";"Barro Branco";"BarroBranco2";"Ponto10";"Barro Branco";"Barro Branco Baixo";"Rio";45245;"30/08/2023";1;10;4;"Astyanax fasciatus";42.8;32.4;9.3;587;0.587;0.0411448598130841;NA;"rd";"4-10-97";"4-10-97";"P97";"4-10-97";"P97";0.9181;0.9355;17.4;575542;695054;732953;667849.666666667;38382.1647509579;NA;NA;NA;NA;NA;NA;NA;NA;NA;NA;NA;NA;NA;NA;NA
"4-10-98";"B-P10";"Barro Branco";"BarroBranco2";"Ponto10";"Barro Branco";"Barro Branco Baixo";"Rio";45245;"30/08/2023";1;10;4;"Hemigrammus rodwayi";30.1;24.7;7.4;244;0.244;0.0243189368770764;NA;"rd";"4-10-98";"4-10-98";"P98";"4-10-98";"P98";0.9172;0.9241;6.90000000000002;817206;848093;840374;835224.333333333;121047.004830918;NA;NA;NA;NA;NA;NA;NA;NA;NA;NA;NA;NA;NA;NA;NA
"4-10-99";"B-P10";"Barro Branco";"BarroBranco2";"Ponto10";"Barro Branco";"Barro Branco Baixo";"Rio";45245;"30/08/2023";1;10;4;"Astyanax bimaculatus";46.4;34.6;11.7;869;0.869;0.0561853448275862;NA;"rd";"4-10-99";"4-10-99";"P99";"4-10-99";"P99";1.0975;1.1261;28.6000000000002;1627034;1704402;1663083;1664839.66666667;58211.1771561768;NA;NA;NA;NA;NA;NA;NA;NA;NA;NA;NA;NA;NA;NA;NA
"4-10-100";"B-P10";"Barro Branco";"BarroBranco2";"Ponto10";"Barro Branco";"Barro Branco Baixo";"Rio";45245;"30/08/2023";1;10;4;"Hemigrammus rodwayi";29.4;21.4;5.9;177;0.177;0.0180612244897959;NA;"rd";"4-10-100";"4-10-100";"P100";"4-10-100";"P100";0.9091;0.933;23.9;240843;306583;324129;290518.333333333;12155.5788005579;NA;NA;NA;NA;NA;NA;NA;NA;NA;NA;NA;NA;NA;NA;NA
"4-10-101";"B-P10";"Barro Branco";"BarroBranco2";"Ponto10";"Barro Branco";"Barro Branco Baixo";"Rio";45245;"30/08/2023";1;10;4;"Astyanax fasciatus";50.7;40.5;11.4;905;0.905;0.0535502958579882;NA;"rd";"4-10-101";"4-10-101";"P101";"4-10-101";"P101";0.9123;0.9388;26.5;997942;1003213;997942;999699;37724.4905660378;NA;NA;NA;NA;NA;NA;NA;NA;NA;NA;NA;NA;NA;NA;NA
"4-10-102";"B-P10";"Barro Branco";"BarroBranco2";"Ponto10";"Barro Branco";"Barro Branco Baixo";"Rio";45245;"30/08/2023";1;10;4;"Hemigrammus rodwayi";14.7;12.9;3.6;38;0.038;0.00775510204081633;NA;"rd";"4-10-102";"4-10-102";"P102";"4-10-102";"P102";0.9091;0.9133;4.19999999999998;353144;334721;356631;348165.333333333;82896.5079365083;NA;NA;NA;NA;NA;NA;NA;NA;NA;NA;NA;NA;NA;NA;NA
"4-10-103";"B-P10";"Barro Branco";"BarroBranco2";"Ponto10";"Barro Branco";"Barro Branco Baixo";"Rio";45245;"30/08/2023";1;10;4;"Astyanax fasciatus";44.8;39.5;10;694;0.694;0.0464732142857143;NA;"rd";"4-10-103";"4-10-103";"P103";"4-10-103";"P103";0.9229;0.9437;20.7999999999999;883728;766004;1037635;895789;43066.778846154;NA;NA;NA;NA;NA;NA;NA;NA;NA;NA;NA;NA;NA;NA;NA
"4-10-104";"B-P10";"Barro Branco";"BarroBranco2";"Ponto10";"Barro Branco";"Barro Branco Baixo";"Rio";45245;"30/08/2023";1;10;4;"Hemigrammus rodwayi";28;22.8;6.4;206;0.206;0.0220714285714286;NA;"rd";"4-10-104";"4-10-104";"P104";"4-10-104";"P104";0.9085;0.9117;3.19999999999998;413792;460393;497297;457160.666666667;142862.708333334;NA;NA;NA;NA;NA;NA;NA;NA;NA;NA;NA;NA;NA;NA;NA
"4-10-105";"B-P10";"Barro Branco";"BarroBranco2";"Ponto10";"Barro Branco";"Barro Branco Baixo";"Rio";45245;"30/08/2023";1;10;4;"Astyanax fasciatus";36.2;31.5;8.7;482;0.482;0.0399447513812155;NA;"rd";"4-10-105";"4-10-105";"P105";"4-10-105";"P105";0.9307;0.9542;23.5000000000001;1731133;1887586;1890223;1836314;78141.0212765955;NA;NA;NA;NA;NA;NA;NA;NA;NA;NA;NA;NA;NA;NA;NA
"4-10-106";"B-P10";"Barro Branco";"BarroBranco2";"Ponto10";"Barro Branco";"Barro Branco Baixo";"Rio";45245;"30/08/2023";1;10;4;"Astyanax fasciatus";41.7;33.2;8.5;534;0.534;0.0384172661870504;NA;"rd";"4-10-106";"4-10-106";"P106";"4-10-106";"P106";0.9284;0.9631;34.7;812628;859389;887579;853198.666666667;24587.8578290106;NA;NA;NA;NA;NA;NA;NA;NA;NA;NA;NA;NA;NA;NA;NA
"4-10-107";"B-P10";"Barro Branco";"BarroBranco2";"Ponto10";"Barro Branco";"Barro Branco Baixo";"Rio";45245;"30/08/2023";1;10;4;"Hemigrammus rodwayi";25.8;21.1;6.1;168;0.168;0.0195348837209302;NA;"rd";"4-10-107";"4-10-107";"P107";"4-10-107";"P107";0.9352;0.9415;6.29999999999997;459479;513035;486863;486459;77215.7142857146;NA;NA;NA;NA;NA;NA;NA;NA;NA;NA;NA;NA;NA;NA;NA
"4-10-108";"B-P10";"Barro Branco";"BarroBranco2";"Ponto10";"Barro Branco";"Barro Branco Baixo";"Rio";45245;"30/08/2023";1;10;4;"Astyanax fasciatus";34.4;26.9;8;336;0.336;0.0293023255813954;NA;"rd";"4-10-108";"4-10-108";"P108";"4-10-108";"P108";0.9324;0.9485;16.1;806844;926918;863587;865783;53775.3416149068;NA;NA;NA;NA;NA;NA;NA;NA;NA;NA;NA;NA;NA;NA;NA
"4-10-109";"B-P10";"Barro Branco";"BarroBranco2";"Ponto10";"Barro Branco";"Barro Branco Baixo";"Rio";45245;"30/08/2023";1;10;4;"Hemigrammus unilineatus";26;22;6.3;174;0.174;0.0200769230769231;NA;"rd";"4-10-109";"4-10-109";"P109";"4-10-109";"P109";0.9221;0.9262;4.09999999999999;325984;332964;325910;328286;80069.7560975611;NA;NA;NA;NA;NA;NA;NA;NA;NA;NA;NA;NA;NA;NA;NA
"4-10-110";"B-P10";"Barro Branco";"BarroBranco2";"Ponto10";"Barro Branco";"Barro Branco Baixo";"Rio";45245;"30/08/2023";1;10;4;"Astyanax bimaculatus";32.3;24.7;7.4;297;0.297;0.0275851393188854;NA;"rd";"4-10-110";"4-10-110";"P110";"4-10-110";"P110";1.1026;1.1137;11.0999999999999;846079;846079;834656;842271.333333333;75880.3003003011;NA;NA;NA;NA;NA;NA;NA;NA;NA;NA;NA;NA;NA;NA;NA
"4-10-111";"B-P10";"Barro Branco";"BarroBranco2";"Ponto10";"Barro Branco";"Barro Branco Baixo";"Rio";45245;"30/08/2023";1;10;4;"Hemigrammus rodwayi";34.7;29.6;7.6;361;0.361;0.0312103746397694;NA;"rd";"4-10-111";"4-10-111";"P111";"4-10-111";"P111";1.1348;1.1431;8.29999999999997;593906;558719;625490;592705;71410.2409638556;NA;NA;NA;NA;NA;NA;NA;NA;NA;NA;NA;NA;NA;NA;NA
"4-10-112";"B-P10";"Barro Branco";"BarroBranco2";"Ponto10";"Barro Branco";"Barro Branco Baixo";"Rio";45245;"30/08/2023";1;10;4;"Hemigrammus rodwayi";22.4;19.3;5.4;109;0.109;0.0145982142857143;NA;"rd";"4-10-112";"4-10-112";"P112";"4-10-112";"P112";1.1024;1.1104;8.00000000000001;649309;687041;706425;680925;85115.6249999999;NA;NA;NA;NA;NA;NA;NA;NA;NA;NA;NA;NA;NA;NA;NA
"4-10-113";"B-P10";"Barro Branco";"BarroBranco2";"Ponto10";"Barro Branco";"Barro Branco Baixo";"Rio";45245;"30/08/2023";1;10;4;"Hemigrammus rodwayi";28.8;23.8;6.9;188;0.188;0.0195833333333333;NA;"rd";"4-10-113";"4-10-113";"P113";"4-10-113";"P113";0.9109;0.9213;10.4;809992;988352;882984;893776;85940.0000000003;NA;NA;NA;NA;NA;NA;NA;NA;NA;NA;NA;NA;NA;NA;NA
"4-10-XcRB:1";"B-P10";"Barro Branco";"BarroBranco2";"Ponto10";"Barro Branco";"Barro Branco Baixo";"Rio";45245;"30/08/2023";1;10;4;"Hemigrammus rodwayi";32.3;26.6;7.7;313;0.313;0.0290712074303406;NA;"xx";"4-10-XcRB:1";NA;NA;NA;NA;NA;NA;NA;NA;NA;NA;NA;NA;NA;NA;NA;NA;NA;NA;NA;NA;NA;NA;NA;NA;NA;NA;NA
"4-10-XcRB:2";"B-P10";"Barro Branco";"BarroBranco2";"Ponto10";"Barro Branco";"Barro Branco Baixo";"Rio";45245;"30/08/2023";1;10;4;"Astyanax fasciatus";44.4;36.9;9;743;0.743;0.0502027027027027;NA;"xx";"4-10-XcRB:2";NA;NA;NA;NA;NA;NA;NA;NA;NA;NA;NA;NA;NA;NA;NA;NA;NA;NA;NA;NA;NA;NA;NA;NA;NA;NA;NA
"4-10-XcRB:3";"B-P10";"Barro Branco";"BarroBranco2";"Ponto10";"Barro Branco";"Barro Branco Baixo";"Rio";45245;"30/08/2023";1;10;4;"Hemigrammus rodwayi";29.1;23.1;6.2;233;0.233;0.024020618556701;NA;"xx";"4-10-XcRB:3";NA;NA;NA;NA;NA;NA;NA;NA;NA;NA;NA;NA;NA;NA;NA;NA;NA;NA;NA;NA;NA;NA;NA;NA;NA;NA;NA
"4-10-XcRB:4";"B-P10";"Barro Branco";"BarroBranco2";"Ponto10";"Barro Branco";"Barro Branco Baixo";"Rio";45245;"30/08/2023";1;10;4;"Astyanax fasciatus";41.9;32.6;8.4;602;0.602;0.0431026252983294;NA;"xx";"4-10-XcRB:4";NA;NA;NA;NA;NA;NA;NA;NA;NA;NA;NA;NA;NA;NA;NA;NA;NA;NA;NA;NA;NA;NA;NA;NA;NA;NA;NA
"4-10-XcRB:5";"B-P10";"Barro Branco";"BarroBranco2";"Ponto10";"Barro Branco";"Barro Branco Baixo";"Rio";45245;"30/08/2023";1;10;4;"Astyanax fasciatus";50.4;39.4;10.8;1004;1.004;0.0597619047619048;NA;"xx";"4-10-XcRB:5";NA;NA;NA;NA;NA;NA;NA;NA;NA;NA;NA;NA;NA;NA;NA;NA;NA;NA;NA;NA;NA;NA;NA;NA;NA;NA;NA
"4-10-XcRB:6";"B-P10";"Barro Branco";"BarroBranco2";"Ponto10";"Barro Branco";"Barro Branco Baixo";"Rio";45245;"30/08/2023";1;10;4;"Hemigrammus rodwayi";29.8;24;7.1;255;0.255;0.0256711409395973;NA;"xx";"4-10-XcRB:6";NA;NA;NA;NA;NA;NA;NA;NA;NA;NA;NA;NA;NA;NA;NA;NA;NA;NA;NA;NA;NA;NA;NA;NA;NA;NA;NA
"4-10-XcRB:7";"B-P10";"Barro Branco";"BarroBranco2";"Ponto10";"Barro Branco";"Barro Branco Baixo";"Rio";45245;"30/08/2023";1;10;4;"Hemigrammus rodwayi";17.8;11.2;4.6;68;0.068;0.0114606741573034;NA;"xx";"4-10-XcRB:7";NA;NA;NA;NA;NA;NA;NA;NA;NA;NA;NA;NA;NA;NA;NA;NA;NA;NA;NA;NA;NA;NA;NA;NA;NA;NA;NA
"4-10-XcRB:8";"B-P10";"Barro Branco";"BarroBranco2";"Ponto10";"Barro Branco";"Barro Branco Baixo";"Rio";45245;"30/08/2023";1;10;4;"Hemigrammus rodwayi";27.7;23.6;6.5;224;0.224;0.0242599277978339;NA;"xx";"4-10-XcRB:8";NA;NA;NA;NA;NA;NA;NA;NA;NA;NA;NA;NA;NA;NA;NA;NA;NA;NA;NA;NA;NA;NA;NA;NA;NA;NA;NA
"4-10-XcRB:9";"B-P10";"Barro Branco";"BarroBranco2";"Ponto10";"Barro Branco";"Barro Branco Baixo";"Rio";45245;"30/08/2023";1;10;4;"Hemigrammus rodwayi";19.1;16.3;4.8;79;0.079;0.0124083769633508;NA;"xx";"4-10-XcRB:9";NA;NA;NA;NA;NA;NA;NA;NA;NA;NA;NA;NA;NA;NA;NA;NA;NA;NA;NA;NA;NA;NA;NA;NA;NA;NA;NA
"4-10-XcRB:10";"B-P10";"Barro Branco";"BarroBranco2";"Ponto10";"Barro Branco";"Barro Branco Baixo";"Rio";45245;"30/08/2023";1;10;4;"Hemigrammus rodwayi";33.5;23.2;6.8;234;0.234;0.020955223880597;NA;"xx";"4-10-XcRB:10";NA;NA;NA;NA;NA;NA;NA;NA;NA;NA;NA;NA;NA;NA;NA;NA;NA;NA;NA;NA;NA;NA;NA;NA;NA;NA;NA
"4-10-XcRB:11";"B-P10";"Barro Branco";"BarroBranco2";"Ponto10";"Barro Branco";"Barro Branco Baixo";"Rio";45245;"30/08/2023";1;10;4;"Hemigrammus rodwayi";29.6;25.1;7.4;295;0.295;0.0298986486486486;NA;"xx";"4-10-XcRB:11";NA;NA;NA;NA;NA;NA;NA;NA;NA;NA;NA;NA;NA;NA;NA;NA;NA;NA;NA;NA;NA;NA;NA;NA;NA;NA;NA
"4-10-XcRB:12";"B-P10";"Barro Branco";"BarroBranco2";"Ponto10";"Barro Branco";"Barro Branco Baixo";"Rio";45245;"30/08/2023";1;10;4;"Hemigrammus rodwayi";27.1;22.1;6.4;201;0.201;0.0222509225092251;NA;"xx";"4-10-XcRB:12";NA;NA;NA;NA;NA;NA;NA;NA;NA;NA;NA;NA;NA;NA;NA;NA;NA;NA;NA;NA;NA;NA;NA;NA;NA;NA;NA
"4-10-XcRB:13";"B-P10";"Barro Branco";"BarroBranco2";"Ponto10";"Barro Branco";"Barro Branco Baixo";"Rio";45245;"30/08/2023";1;10;4;"Hemigrammus rodwayi";26.5;22.3;5.8;150;0.15;0.0169811320754717;NA;"xx";"4-10-XcRB:13";NA;NA;NA;NA;NA;NA;NA;NA;NA;NA;NA;NA;NA;NA;NA;NA;NA;NA;NA;NA;NA;NA;NA;NA;NA;NA;NA
"4-10-XcRB:14";"B-P10";"Barro Branco";"BarroBranco2";"Ponto10";"Barro Branco";"Barro Branco Baixo";"Rio";45245;"30/08/2023";1;10;4;"Hemigrammus rodwayi";23.1;18.6;5;112;0.112;0.0145454545454545;NA;"xx";"4-10-XcRB:14";NA;NA;NA;NA;NA;NA;NA;NA;NA;NA;NA;NA;NA;NA;NA;NA;NA;NA;NA;NA;NA;NA;NA;NA;NA;NA;NA
"4-10-XcRB:15";"B-P10";"Barro Branco";"BarroBranco2";"Ponto10";"Barro Branco";"Barro Branco Baixo";"Rio";45245;"30/08/2023";1;10;4;"Hemigrammus rodwayi";28.8;23.1;6.7;238;0.238;0.0247916666666667;NA;"xx";"4-10-XcRB:15";NA;NA;NA;NA;NA;NA;NA;NA;NA;NA;NA;NA;NA;NA;NA;NA;NA;NA;NA;NA;NA;NA;NA;NA;NA;NA;NA
"4-10-XcRB:16";"B-P10";"Barro Branco";"BarroBranco2";"Ponto10";"Barro Branco";"Barro Branco Baixo";"Rio";45245;"30/08/2023";1;10;4;"Astyanax fasciatus";25.4;19.7;4.5;115;0.115;0.0135826771653543;NA;"xx";"4-10-XcRB:16";NA;NA;NA;NA;NA;NA;NA;NA;NA;NA;NA;NA;NA;NA;NA;NA;NA;NA;NA;NA;NA;NA;NA;NA;NA;NA;NA
"4-10-XcRB:17";"B-P10";"Barro Branco";"BarroBranco2";"Ponto10";"Barro Branco";"Barro Branco Baixo";"Rio";45245;"30/08/2023";1;10;4;"Hemigrammus rodwayi";28;22.9;5.8;169;0.169;0.0181071428571429;NA;"xx";"4-10-XcRB:17";NA;NA;NA;NA;NA;NA;NA;NA;NA;NA;NA;NA;NA;NA;NA;NA;NA;NA;NA;NA;NA;NA;NA;NA;NA;NA;NA
"4-10-XcRB:18";"B-P10";"Barro Branco";"BarroBranco2";"Ponto10";"Barro Branco";"Barro Branco Baixo";"Rio";45245;"30/08/2023";1;10;4;"Hemigrammus rodwayi";30.9;25.2;6.4;296;0.296;0.0287378640776699;NA;"xx";"4-10-XcRB:18";NA;NA;NA;NA;NA;NA;NA;NA;NA;NA;NA;NA;NA;NA;NA;NA;NA;NA;NA;NA;NA;NA;NA;NA;NA;NA;NA
"4-10-XsRB:1";"B-P10";"Barro Branco";"BarroBranco2";"Ponto10";"Barro Branco";"Barro Branco Baixo";"Rio";45245;"30/08/2023";1;10;4;"Astyanax fasciatus";33.8;23.1;9.4;672;0.672;0.0596449704142012;NA;"xx";"4-10-XsRB:1";NA;NA;NA;NA;NA;NA;NA;NA;NA;NA;NA;NA;NA;NA;NA;NA;NA;NA;NA;NA;NA;NA;NA;NA;NA;NA;NA
"4-10-XsRB:2";"B-P10";"Barro Branco";"BarroBranco2";"Ponto10";"Barro Branco";"Barro Branco Baixo";"Rio";45245;"30/08/2023";1;10;4;"Hemigrammus rodwayi";25.4;19.7;4.5;115;0.115;0.0135826771653543;NA;"xx";"4-10-XsRB:2";NA;NA;NA;NA;NA;NA;NA;NA;NA;NA;NA;NA;NA;NA;NA;NA;NA;NA;NA;NA;NA;NA;NA;NA;NA;NA;NA
"4-10-XsRB:3";"B-P10";"Barro Branco";"BarroBranco2";"Ponto10";"Barro Branco";"Barro Branco Baixo";"Rio";45245;"30/08/2023";1;10;4;"Hemigrammus rodwayi";27.6;22.7;5.1;169;0.169;0.0183695652173913;NA;"xx";"4-10-XsRB:3";NA;NA;NA;NA;NA;NA;NA;NA;NA;NA;NA;NA;NA;NA;NA;NA;NA;NA;NA;NA;NA;NA;NA;NA;NA;NA;NA
"4-10-XsRB:4";"B-P10";"Barro Branco";"BarroBranco2";"Ponto10";"Barro Branco";"Barro Branco Baixo";"Rio";45245;"30/08/2023";1;10;4;"Hemigrammus marginatus";27.1;21;4.6;127;0.127;0.0140590405904059;NA;"xx";"4-10-XsRB:4";NA;NA;NA;NA;NA;NA;NA;NA;NA;NA;NA;NA;NA;NA;NA;NA;NA;NA;NA;NA;NA;NA;NA;NA;NA;NA;NA
"4-10-XsRB:5";"B-P10";"Barro Branco";"BarroBranco2";"Ponto10";"Barro Branco";"Barro Branco Baixo";"Rio";45245;"30/08/2023";1;10;4;"Hemigrammus marginatus";25.6;19.7;4.7;121;0.121;0.0141796875;NA;"xx";"4-10-XsRB:5";NA;NA;NA;NA;NA;NA;NA;NA;NA;NA;NA;NA;NA;NA;NA;NA;NA;NA;NA;NA;NA;NA;NA;NA;NA;NA;NA
"4-10-XsRB:6";"B-P10";"Barro Branco";"BarroBranco2";"Ponto10";"Barro Branco";"Barro Branco Baixo";"Rio";45245;"30/08/2023";1;10;4;"Hemigrammus rodwayi";31.3;24;6.2;223;0.223;0.0213738019169329;NA;"xx";"4-10-XsRB:6";NA;NA;NA;NA;NA;NA;NA;NA;NA;NA;NA;NA;NA;NA;NA;NA;NA;NA;NA;NA;NA;NA;NA;NA;NA;NA;NA
"4-10-XsRB:7";"B-P10";"Barro Branco";"BarroBranco2";"Ponto10";"Barro Branco";"Barro Branco Baixo";"Rio";45245;"30/08/2023";1;10;4;"Hemigrammus rodwayi";25.7;20.8;6.3;179;0.179;0.0208949416342412;NA;"xx";"4-10-XsRB:7";NA;NA;NA;NA;NA;NA;NA;NA;NA;NA;NA;NA;NA;NA;NA;NA;NA;NA;NA;NA;NA;NA;NA;NA;NA;NA;NA
"4-10-XsRB:8";"B-P10";"Barro Branco";"BarroBranco2";"Ponto10";"Barro Branco";"Barro Branco Baixo";"Rio";45245;"30/08/2023";1;10;4;"Astyanax fasciatus";43.1;33.8;9;641;0.641;0.0446171693735499;NA;"xx";"4-10-XsRB:8";NA;NA;NA;NA;NA;NA;NA;NA;NA;NA;NA;NA;NA;NA;NA;NA;NA;NA;NA;NA;NA;NA;NA;NA;NA;NA;NA
"4-10-XsRB:9";"B-P10";"Barro Branco";"BarroBranco2";"Ponto10";"Barro Branco";"Barro Branco Baixo";"Rio";45245;"30/08/2023";1;10;4;"Astyanax fasciatus";29.4;23.9;5.6;237;0.237;0.0241836734693878;NA;"xx";"4-10-XsRB:9";NA;NA;NA;NA;NA;NA;NA;NA;NA;NA;NA;NA;NA;NA;NA;NA;NA;NA;NA;NA;NA;NA;NA;NA;NA;NA;NA
"4-10-XsRB:10";"B-P10";"Barro Branco";"BarroBranco2";"Ponto10";"Barro Branco";"Barro Branco Baixo";"Rio";45245;"30/08/2023";1;10;4;"Hemigrammus rodwayi";29.2;22.9;5.8;166;0.166;0.0170547945205479;NA;"xx";"4-10-XsRB:10";NA;NA;NA;NA;NA;NA;NA;NA;NA;NA;NA;NA;NA;NA;NA;NA;NA;NA;NA;NA;NA;NA;NA;NA;NA;NA;NA
"4-10-XsRB:11";"B-P10";"Barro Branco";"BarroBranco2";"Ponto10";"Barro Branco";"Barro Branco Baixo";"Rio";45245;"30/08/2023";1;10;4;"Hemigrammus unilineatus";35.3;26.4;8.3;363;0.363;0.0308498583569405;NA;"xx";"4-10-XsRB:11";NA;NA;NA;NA;NA;NA;NA;NA;NA;NA;NA;NA;NA;NA;NA;NA;NA;NA;NA;NA;NA;NA;NA;NA;NA;NA;NA
"4-10-XsRB:12";"B-P10";"Barro Branco";"BarroBranco2";"Ponto10";"Barro Branco";"Barro Branco Baixo";"Rio";45245;"30/08/2023";1;10;4;"Hemigrammus rodwayi";17;12.9;2.4;36;0.036;0.00635294117647059;NA;"xx";"4-10-XsRB:12";NA;NA;NA;NA;NA;NA;NA;NA;NA;NA;NA;NA;NA;NA;NA;NA;NA;NA;NA;NA;NA;NA;NA;NA;NA;NA;NA
"4-10-XsRB:13";"B-P10";"Barro Branco";"BarroBranco2";"Ponto10";"Barro Branco";"Barro Branco Baixo";"Rio";45245;"30/08/2023";1;10;4;"Hemigrammus marginatus";22.1;17.5;3.9;73;0.073;0.00990950226244344;NA;"xx";"4-10-XsRB:13";NA;NA;NA;NA;NA;NA;NA;NA;NA;NA;NA;NA;NA;NA;NA;NA;NA;NA;NA;NA;NA;NA;NA;NA;NA;NA;NA
"4-10-XsRB:14";"B-P10";"Barro Branco";"BarroBranco2";"Ponto10";"Barro Branco";"Barro Branco Baixo";"Rio";45245;"30/08/2023";1;10;4;"Hemigrammus rodwayi";31;23.8;6.7;281;0.281;0.0271935483870968;NA;"xx";"4-10-XsRB:14";NA;NA;NA;NA;NA;NA;NA;NA;NA;NA;NA;NA;NA;NA;NA;NA;NA;NA;NA;NA;NA;NA;NA;NA;NA;NA;NA
"4-10-XsRB:15";"B-P10";"Barro Branco";"BarroBranco2";"Ponto10";"Barro Branco";"Barro Branco Baixo";"Rio";45245;"30/08/2023";1;10;4;"Hemigrammus rodwayi";27.1;22.1;6.3;204;0.204;0.0225830258302583;NA;"xx";"4-10-XsRB:15";NA;NA;NA;NA;NA;NA;NA;NA;NA;NA;NA;NA;NA;NA;NA;NA;NA;NA;NA;NA;NA;NA;NA;NA;NA;NA;NA
"4-10-XsRB:16";"B-P10";"Barro Branco";"BarroBranco2";"Ponto10";"Barro Branco";"Barro Branco Baixo";"Rio";45245;"30/08/2023";1;10;4;"Hemigrammus rodwayi";24.3;20.2;5.5;135;0.135;0.0166666666666667;NA;"xx";"4-10-XsRB:16";NA;NA;NA;NA;NA;NA;NA;NA;NA;NA;NA;NA;NA;NA;NA;NA;NA;NA;NA;NA;NA;NA;NA;NA;NA;NA;NA
"4-10-XsRB:17";"B-P10";"Barro Branco";"BarroBranco2";"Ponto10";"Barro Branco";"Barro Branco Baixo";"Rio";45245;"30/08/2023";1;10;4;"Hemigrammus marginatus";22.9;18.4;4.2;92;0.092;0.0120524017467249;NA;"xx";"4-10-XsRB:17";NA;NA;NA;NA;NA;NA;NA;NA;NA;NA;NA;NA;NA;NA;NA;NA;NA;NA;NA;NA;NA;NA;NA;NA;NA;NA;NA
"4-10-XsRB:18";"B-P10";"Barro Branco";"BarroBranco2";"Ponto10";"Barro Branco";"Barro Branco Baixo";"Rio";45245;"30/08/2023";1;10;4;"Hemigrammus rodwayi";24.3;20.3;5.1;156;0.156;0.0192592592592593;NA;"xx";"4-10-XsRB:18";NA;NA;NA;NA;NA;NA;NA;NA;NA;NA;NA;NA;NA;NA;NA;NA;NA;NA;NA;NA;NA;NA;NA;NA;NA;NA;NA
"4-10-XsRB:19";"B-P10";"Barro Branco";"BarroBranco2";"Ponto10";"Barro Branco";"Barro Branco Baixo";"Rio";45245;"30/08/2023";1;10;4;"Hemigrammus rodwayi";29.5;23.2;6;256;0.256;0.0260338983050847;NA;"xx";"4-10-XsRB:19";NA;NA;NA;NA;NA;NA;NA;NA;NA;NA;NA;NA;NA;NA;NA;NA;NA;NA;NA;NA;NA;NA;NA;NA;NA;NA;NA
"4-10-XsRB:20";"B-P10";"Barro Branco";"BarroBranco2";"Ponto10";"Barro Branco";"Barro Branco Baixo";"Rio";45245;"30/08/2023";1;10;4;"Hemigrammus rodwayi";26.8;22.1;6.9;206;0.206;0.0230597014925373;NA;"xx";"4-10-XsRB:20";NA;NA;NA;NA;NA;NA;NA;NA;NA;NA;NA;NA;NA;NA;NA;NA;NA;NA;NA;NA;NA;NA;NA;NA;NA;NA;NA
"4-10-XsRB:21";"B-P10";"Barro Branco";"BarroBranco2";"Ponto10";"Barro Branco";"Barro Branco Baixo";"Rio";45245;"30/08/2023";1;10;4;"Hemigrammus rodwayi";14.3;11.2;2.3;29;0.029;0.00608391608391608;NA;"xx";"4-10-XsRB:21";NA;NA;NA;NA;NA;NA;NA;NA;NA;NA;NA;NA;NA;NA;NA;NA;NA;NA;NA;NA;NA;NA;NA;NA;NA;NA;NA
"4-10-XsRB:22";"B-P10";"Barro Branco";"BarroBranco2";"Ponto10";"Barro Branco";"Barro Branco Baixo";"Rio";45245;"30/08/2023";1;10;4;"Hemigrammus marginatus";27.5;21;3.6;123;0.123;0.0134181818181818;NA;"xx";"4-10-XsRB:22";NA;NA;NA;NA;NA;NA;NA;NA;NA;NA;NA;NA;NA;NA;NA;NA;NA;NA;NA;NA;NA;NA;NA;NA;NA;NA;NA
"4-10-XsRB:23";"B-P10";"Barro Branco";"BarroBranco2";"Ponto10";"Barro Branco";"Barro Branco Baixo";"Rio";45245;"30/08/2023";1;10;4;"Hemigrammus rodwayi";16.4;13.2;3.3;41;0.041;0.0075;NA;"xx";"4-10-XsRB:23";NA;NA;NA;NA;NA;NA;NA;NA;NA;NA;NA;NA;NA;NA;NA;NA;NA;NA;NA;NA;NA;NA;NA;NA;NA;NA;NA
"4-10-XsRB:24";"B-P10";"Barro Branco";"BarroBranco2";"Ponto10";"Barro Branco";"Barro Branco Baixo";"Rio";45245;"30/08/2023";1;10;4;"Hemigrammus rodwayi";27.6;22.2;6;189;0.189;0.0205434782608696;NA;"xx";"4-10-XsRB:24";NA;NA;NA;NA;NA;NA;NA;NA;NA;NA;NA;NA;NA;NA;NA;NA;NA;NA;NA;NA;NA;NA;NA;NA;NA;NA;NA
"4-10-XsRB:25";"B-P10";"Barro Branco";"BarroBranco2";"Ponto10";"Barro Branco";"Barro Branco Baixo";"Rio";45245;"30/08/2023";1;10;4;"Hemigrammus rodwayi";31.3;24.6;6.9;238;0.238;0.0228115015974441;NA;"xx";"4-10-XsRB:25";NA;NA;NA;NA;NA;NA;NA;NA;NA;NA;NA;NA;NA;NA;NA;NA;NA;NA;NA;NA;NA;NA;NA;NA;NA;NA;NA
"4-10-XsRB:26";"B-P10";"Barro Branco";"BarroBranco2";"Ponto10";"Barro Branco";"Barro Branco Baixo";"Rio";45245;"30/08/2023";1;10;4;"Hemigrammus rodwayi";29;23.4;6;216;0.216;0.0223448275862069;NA;"xx";"4-10-XsRB:26";NA;NA;NA;NA;NA;NA;NA;NA;NA;NA;NA;NA;NA;NA;NA;NA;NA;NA;NA;NA;NA;NA;NA;NA;NA;NA;NA
"4-10-XsRB:27";"B-P10";"Barro Branco";"BarroBranco2";"Ponto10";"Barro Branco";"Barro Branco Baixo";"Rio";45245;"30/08/2023";1;10;4;"Hemigrammus rodwayi";29.5;24.2;6.1;211;0.211;0.0214576271186441;NA;"xx";"4-10-XsRB:27";NA;NA;NA;NA;NA;NA;NA;NA;NA;NA;NA;NA;NA;NA;NA;NA;NA;NA;NA;NA;NA;NA;NA;NA;NA;NA;NA
"4-10-XsRB:28";"B-P10";"Barro Branco";"BarroBranco2";"Ponto10";"Barro Branco";"Barro Branco Baixo";"Rio";45245;"30/08/2023";1;10;4;"Hemigrammus rodwayi";24.5;20.1;4.9;213;0.213;0.0260816326530612;NA;"xx";"4-10-XsRB:28";NA;NA;NA;NA;NA;NA;NA;NA;NA;NA;NA;NA;NA;NA;NA;NA;NA;NA;NA;NA;NA;NA;NA;NA;NA;NA;NA
"4-10-XsRB:29";"B-P10";"Barro Branco";"BarroBranco2";"Ponto10";"Barro Branco";"Barro Branco Baixo";"Rio";45245;"30/08/2023";1;10;4;"Hemigrammus rodwayi";26.3;21.7;6;178;0.178;0.0203041825095057;NA;"xx";"4-10-XsRB:29";NA;NA;NA;NA;NA;NA;NA;NA;NA;NA;NA;NA;NA;NA;NA;NA;NA;NA;NA;NA;NA;NA;NA;NA;NA;NA;NA
"4-10-XsRB:30";"B-P10";"Barro Branco";"BarroBranco2";"Ponto10";"Barro Branco";"Barro Branco Baixo";"Rio";45245;"30/08/2023";1;10;4;"Hemigrammus rodwayi";25.3;21.1;4.9;154;0.154;0.0182608695652174;NA;"xx";"4-10-XsRB:30";NA;NA;NA;NA;NA;NA;NA;NA;NA;NA;NA;NA;NA;NA;NA;NA;NA;NA;NA;NA;NA;NA;NA;NA;NA;NA;NA
"4-10-XsRB:31";"B-P10";"Barro Branco";"BarroBranco2";"Ponto10";"Barro Branco";"Barro Branco Baixo";"Rio";45245;"30/08/2023";1;10;4;"Hemigrammus rodwayi";26.2;22.3;6.3;186;0.186;0.0212977099236641;NA;"xx";"4-10-XsRB:31";NA;NA;NA;NA;NA;NA;NA;NA;NA;NA;NA;NA;NA;NA;NA;NA;NA;NA;NA;NA;NA;NA;NA;NA;NA;NA;NA
"4-10-XsRB:32";"B-P10";"Barro Branco";"BarroBranco2";"Ponto10";"Barro Branco";"Barro Branco Baixo";"Rio";45245;"30/08/2023";1;10;4;"Hemigrammus rodwayi";23.5;19;5.1;112;0.112;0.0142978723404255;NA;"xx";"4-10-XsRB:32";NA;NA;NA;NA;NA;NA;NA;NA;NA;NA;NA;NA;NA;NA;NA;NA;NA;NA;NA;NA;NA;NA;NA;NA;NA;NA;NA
"4-10-XsRB:33";"B-P10";"Barro Branco";"BarroBranco2";"Ponto10";"Barro Branco";"Barro Branco Baixo";"Rio";45245;"30/08/2023";1;10;4;"Hemigrammus rodwayi";28.8;22.3;6.5;214;0.214;0.0222916666666667;NA;"xx";"4-10-XsRB:33";NA;NA;NA;NA;NA;NA;NA;NA;NA;NA;NA;NA;NA;NA;NA;NA;NA;NA;NA;NA;NA;NA;NA;NA;NA;NA;NA
"4-10-XsRB:34";"B-P10";"Barro Branco";"BarroBranco2";"Ponto10";"Barro Branco";"Barro Branco Baixo";"Rio";45245;"30/08/2023";1;10;4;"Hemigrammus rodwayi";28.4;23.3;6.3;176;0.176;0.0185915492957746;NA;"xx";"4-10-XsRB:34";NA;NA;NA;NA;NA;NA;NA;NA;NA;NA;NA;NA;NA;NA;NA;NA;NA;NA;NA;NA;NA;NA;NA;NA;NA;NA;NA
"4-10-XsRB:35";"B-P10";"Barro Branco";"BarroBranco2";"Ponto10";"Barro Branco";"Barro Branco Baixo";"Rio";45245;"30/08/2023";1;10;4;"Hemigrammus rodwayi";22.9;17.6;5;104;0.104;0.0136244541484716;NA;"xx";"4-10-XsRB:35";NA;NA;NA;NA;NA;NA;NA;NA;NA;NA;NA;NA;NA;NA;NA;NA;NA;NA;NA;NA;NA;NA;NA;NA;NA;NA;NA
"4-10-XsRB:36";"B-P10";"Barro Branco";"BarroBranco2";"Ponto10";"Barro Branco";"Barro Branco Baixo";"Rio";45245;"30/08/2023";1;10;4;"Hemigrammus marginatus";19.9;16.4;3.9;60;0.06;0.00904522613065327;NA;"xx";"4-10-XsRB:36";NA;NA;NA;NA;NA;NA;NA;NA;NA;NA;NA;NA;NA;NA;NA;NA;NA;NA;NA;NA;NA;NA;NA;NA;NA;NA;NA
"4-10-XsRB:37";"B-P10";"Barro Branco";"BarroBranco2";"Ponto10";"Barro Branco";"Barro Branco Baixo";"Rio";45245;"30/08/2023";1;10;4;"Hemigrammus rodwayi";28.8;23.1;6.2;224;0.224;0.0233333333333333;NA;"xx";"4-10-XsRB:37";NA;NA;NA;NA;NA;NA;NA;NA;NA;NA;NA;NA;NA;NA;NA;NA;NA;NA;NA;NA;NA;NA;NA;NA;NA;NA;NA
"4-10-XsRB:38";"B-P10";"Barro Branco";"BarroBranco2";"Ponto10";"Barro Branco";"Barro Branco Baixo";"Rio";45245;"30/08/2023";1;10;4;"Hemigrammus rodwayi";30.5;24;6.2;238;0.238;0.0234098360655738;NA;"xx";"4-10-XsRB:38";NA;NA;NA;NA;NA;NA;NA;NA;NA;NA;NA;NA;NA;NA;NA;NA;NA;NA;NA;NA;NA;NA;NA;NA;NA;NA;NA
"4-10-XsRB:39";"B-P10";"Barro Branco";"BarroBranco2";"Ponto10";"Barro Branco";"Barro Branco Baixo";"Rio";45245;"30/08/2023";1;10;4;"Hemigrammus rodwayi";27;21.6;5.7;180;0.18;0.02;NA;"xx";"4-10-XsRB:39";NA;NA;NA;NA;NA;NA;NA;NA;NA;NA;NA;NA;NA;NA;NA;NA;NA;NA;NA;NA;NA;NA;NA;NA;NA;NA;NA
"4-10-XsRB:40";"B-P10";"Barro Branco";"BarroBranco2";"Ponto10";"Barro Branco";"Barro Branco Baixo";"Rio";45245;"30/08/2023";1;10;4;"Hemigrammus rodwayi";23.8;19.1;4.8;125;0.125;0.0157563025210084;NA;"xx";"4-10-XsRB:40";NA;NA;NA;NA;NA;NA;NA;NA;NA;NA;NA;NA;NA;NA;NA;NA;NA;NA;NA;NA;NA;NA;NA;NA;NA;NA;NA
"4-10-XsRB:41";"B-P10";"Barro Branco";"BarroBranco2";"Ponto10";"Barro Branco";"Barro Branco Baixo";"Rio";45245;"30/08/2023";1;10;4;"Hemigrammus rodwayi";21.4;17.7;4.3;98;0.098;0.0137383177570093;NA;"xx";"4-10-XsRB:41";NA;NA;NA;NA;NA;NA;NA;NA;NA;NA;NA;NA;NA;NA;NA;NA;NA;NA;NA;NA;NA;NA;NA;NA;NA;NA;NA
"4-10-XsRB:42";"B-P10";"Barro Branco";"BarroBranco2";"Ponto10";"Barro Branco";"Barro Branco Baixo";"Rio";45245;"30/08/2023";1;10;4;"Hemigrammus rodwayi";22.5;18.2;4.8;109;0.109;0.0145333333333333;NA;"xx";"4-10-XsRB:42";NA;NA;NA;NA;NA;NA;NA;NA;NA;NA;NA;NA;NA;NA;NA;NA;NA;NA;NA;NA;NA;NA;NA;NA;NA;NA;NA
"4-10-XsRB:43";"B-P10";"Barro Branco";"BarroBranco2";"Ponto10";"Barro Branco";"Barro Branco Baixo";"Rio";45245;"30/08/2023";1;10;4;"Hemigrammus rodwayi";20.8;17.5;4.5;111;0.111;0.0160096153846154;NA;"xx";"4-10-XsRB:43";NA;NA;NA;NA;NA;NA;NA;NA;NA;NA;NA;NA;NA;NA;NA;NA;NA;NA;NA;NA;NA;NA;NA;NA;NA;NA;NA
"4-10-XsRB:44";"B-P10";"Barro Branco";"BarroBranco2";"Ponto10";"Barro Branco";"Barro Branco Baixo";"Rio";45245;"30/08/2023";1;10;4;"Hemigrammus rodwayi";20.5;16.5;4.2;77;0.077;0.0112682926829268;NA;"xx";"4-10-XsRB:44";NA;NA;NA;NA;NA;NA;NA;NA;NA;NA;NA;NA;NA;NA;NA;NA;NA;NA;NA;NA;NA;NA;NA;NA;NA;NA;NA
"4-10-XsRB:45";"B-P10";"Barro Branco";"BarroBranco2";"Ponto10";"Barro Branco";"Barro Branco Baixo";"Rio";45245;"30/08/2023";1;10;4;"Hemigrammus rodwayi";20.2;17.4;4.2;45;0.045;0.00668316831683168;NA;"xx";"4-10-XsRB:45";NA;NA;NA;NA;NA;NA;NA;NA;NA;NA;NA;NA;NA;NA;NA;NA;NA;NA;NA;NA;NA;NA;NA;NA;NA;NA;NA
"4-10-XsRB:46";"B-P10";"Barro Branco";"BarroBranco2";"Ponto10";"Barro Branco";"Barro Branco Baixo";"Rio";45245;"30/08/2023";1;10;4;"Hemigrammus rodwayi";26.1;21.6;5.7;196;0.196;0.0225287356321839;NA;"xx";"4-10-XsRB:46";NA;NA;NA;NA;NA;NA;NA;NA;NA;NA;NA;NA;NA;NA;NA;NA;NA;NA;NA;NA;NA;NA;NA;NA;NA;NA;NA
"4-10-XsRB:47";"B-P10";"Barro Branco";"BarroBranco2";"Ponto10";"Barro Branco";"Barro Branco Baixo";"Rio";45245;"30/08/2023";1;10;4;"Hemigrammus rodwayi";28.2;22.5;6;189;0.189;0.0201063829787234;NA;"xx";"4-10-XsRB:47";NA;NA;NA;NA;NA;NA;NA;NA;NA;NA;NA;NA;NA;NA;NA;NA;NA;NA;NA;NA;NA;NA;NA;NA;NA;NA;NA
"4-10-XsRB:48";"B-P10";"Barro Branco";"BarroBranco2";"Ponto10";"Barro Branco";"Barro Branco Baixo";"Rio";45245;"30/08/2023";1;10;4;"Hemigrammus rodwayi";21.9;18.5;4.9;102;0.102;0.013972602739726;NA;"xx";"4-10-XsRB:48";NA;NA;NA;NA;NA;NA;NA;NA;NA;NA;NA;NA;NA;NA;NA;NA;NA;NA;NA;NA;NA;NA;NA;NA;NA;NA;NA
"4-10-XsRB:49";"B-P10";"Barro Branco";"BarroBranco2";"Ponto10";"Barro Branco";"Barro Branco Baixo";"Rio";45245;"30/08/2023";1;10;4;"Hemigrammus rodwayi";29.3;22.8;5.7;189;0.189;0.0193515358361775;NA;"xx";"4-10-XsRB:49";NA;NA;NA;NA;NA;NA;NA;NA;NA;NA;NA;NA;NA;NA;NA;NA;NA;NA;NA;NA;NA;NA;NA;NA;NA;NA;NA
"4-10-XsRB:50";"B-P10";"Barro Branco";"BarroBranco2";"Ponto10";"Barro Branco";"Barro Branco Baixo";"Rio";45245;"30/08/2023";1;10;4;"Hemigrammus rodwayi";18.1;14.8;3.8;59;0.059;0.00977900552486188;NA;"xx";"4-10-XsRB:50";NA;NA;NA;NA;NA;NA;NA;NA;NA;NA;NA;NA;NA;NA;NA;NA;NA;NA;NA;NA;NA;NA;NA;NA;NA;NA;NA
"4-10-XsRB:51";"B-P10";"Barro Branco";"BarroBranco2";"Ponto10";"Barro Branco";"Barro Branco Baixo";"Rio";45245;"30/08/2023";1;10;4;"Hemigrammus rodwayi";17.4;14.5;4.1;43;0.043;0.00741379310344828;NA;"xx";"4-10-XsRB:51";NA;NA;NA;NA;NA;NA;NA;NA;NA;NA;NA;NA;NA;NA;NA;NA;NA;NA;NA;NA;NA;NA;NA;NA;NA;NA;NA
"4-10-XsRB:52";"B-P10";"Barro Branco";"BarroBranco2";"Ponto10";"Barro Branco";"Barro Branco Baixo";"Rio";45245;"30/08/2023";1;10;4;"Hemigrammus rodwayi";15.2;17.5;3.3;44;0.044;0.00868421052631579;NA;"xx";"4-10-XsRB:52";NA;NA;NA;NA;NA;NA;NA;NA;NA;NA;NA;NA;NA;NA;NA;NA;NA;NA;NA;NA;NA;NA;NA;NA;NA;NA;NA
"AD4-10-1";"B-P10";"Barro Branco";"BarroBranco2";"Ponto10";"Barro Branco";"Barro Branco Baixo";"Rio";45245;"30/08/2023";1;10;4;"Astyanax fasciatus";26.5;21.3;6;128;0.128;0.0144905660377358;NA;"th";"AD4-10-1";"AD4-10-1";"1";"AD4-10-1";"1";NA;NA;NA;NA;NA;NA;NA;NA;"1.0694999999999999";"1.0914999999999999";"1.0701000000000001";"2.1999999999999999E-2";"5.9999999999999995E-4";"0.97272727270000003";"97.272727270000004";"1.0506";"1.0677000000000001";"1.0521";"1.7100000000000001E-2";"1.5E-3";"0.91228070179999998";"91.228070180000003";NA
"AD4-10-2";"B-P10";"Barro Branco";"BarroBranco2";"Ponto10";"Barro Branco";"Barro Branco Baixo";"Rio";45245;"30/08/2023";1;10;4;"Astyanax bimaculatus";37.9;31.7;10.4;555;0.555;0.0439313984168865;NA;"th";"AD4-10-2";"AD4-10-2";"2";"AD4-10-2";"2";NA;NA;NA;NA;NA;NA;NA;NA;"0.99729999999999996";"1.0555000000000001";"0.99919999999999998";"5.8200000000000002E-2";"1.9E-3";"0.96735395189999995";"96.735395190000006";"1.0247999999999999";"1.0670999999999999";"1.0321";"4.2299999999999997E-2";"7.3000000000000001E-3";"0.82742316780000003";"82.742316779999996";61.72
"AD4-10-3";"B-P10";"Barro Branco";"BarroBranco2";"Ponto10";"Barro Branco";"Barro Branco Baixo";"Rio";45245;"30/08/2023";1;10;4;"Hemigrammus rodwayi";30.2;24.1;7.5;264;0.264;0.0262251655629139;NA;"th";"AD4-10-3";"AD4-10-3";"3";"AD4-10-3";"3";NA;NA;NA;NA;NA;NA;NA;NA;"1.0507";"1.0625";"1.0515000000000001";"1.18E-2";"8.0000000000000004E-4";"0.93220338979999995";"93.220338979999994";"1.0235000000000001";"1.0468";"1.0281";"2.3300000000000001E-2";"4.5999999999999999E-3";"0.80257510730000003";"80.257510730000007";87.71
"AD4-10-4";"B-P10";"Barro Branco";"BarroBranco2";"Ponto10";"Barro Branco";"Barro Branco Baixo";"Rio";45245;"30/08/2023";1;10;4;"Hemigrammus rodwayi";34.1;27.4;7.2;242;0.242;0.0212903225806452;NA;"th";"AD4-10-4";"AD4-10-4";"4";"AD4-10-4";"4";NA;NA;NA;NA;NA;NA;NA;NA;"1.0389999999999999";"1.0718000000000001";"1.0397000000000001";"3.2800000000000003E-2";"6.9999999999999999E-4";"0.97865853660000002";"97.865853659999999";"1.0427999999999999";"1.099";"1.0468";"5.62E-2";"4.0000000000000001E-3";"0.92882562280000003";"92.882562280000002";NA
"AD4-10-5";"B-P10";"Barro Branco";"BarroBranco2";"Ponto10";"Barro Branco";"Barro Branco Baixo";"Rio";45245;"30/08/2023";1;10;4;"Astyanax fasciatus";31.3;23.9;6.4;165;0.165;0.015814696485623;NA;"th";"AD4-10-5";"AD4-10-5";"5";"AD4-10-5";"5";NA;NA;NA;NA;NA;NA;NA;NA;"1.0415000000000001";"1.0478000000000001";"1.0418000000000001";"6.3E-3";"2.9999999999999997E-4";"0.95238095239999998";"95.238095240000007";"1.0354000000000001";"1.0743";"1.038";"3.8899999999999997E-2";"2.5999999999999999E-3";"0.93316195369999999";"93.316195370000003";NA
"AD4-10-6";"B-P10";"Barro Branco";"BarroBranco2";"Ponto10";"Barro Branco";"Barro Branco Baixo";"Rio";45245;"30/08/2023";1;10;4;"Astyanax fasciatus";48;37.7;10.6;705;0.705;0.0440625;NA;"th";"AD4-10-6";"AD4-10-6";"6";"AD4-10-6";"6";NA;NA;NA;NA;NA;NA;NA;NA;"1.0631999999999999";"1.0831999999999999";"1.0651999999999999";"0.02";"2E-3";"0.9";"90";"1.0543";"1.0925";"1.0593999999999999";"3.8199999999999998E-2";"5.1000000000000004E-3";"0.86649214659999996";"86.649214659999998";82.16
"AD4-10-7";"B-P10";"Barro Branco";"BarroBranco2";"Ponto10";"Barro Branco";"Barro Branco Baixo";"Rio";45245;"30/08/2023";1;10;4;"Astyanax fasciatus";45.2;35;10.1;591;0.591;0.0392256637168142;NA;"th";"AD4-10-7";"AD4-10-7";"7";"AD4-10-7";"7";NA;NA;NA;NA;NA;NA;NA;NA;"1.0509999999999999";"1.0734999999999999";"1.0531999999999999";"2.2499999999999999E-2";"2.2000000000000001E-3";"0.90222222220000003";"90.222222220000006";"1.0418000000000001";"1.1108";"1.0475000000000001";"6.9000000000000006E-2";"5.7000000000000002E-3";"0.91739130430000004";"91.739130430000003";NA
"AD4-10-8";"B-P10";"Barro Branco";"BarroBranco2";"Ponto10";"Barro Branco";"Barro Branco Baixo";"Rio";45245;"30/08/2023";1;10;4;"Hemigrammus rodwayi";30.7;24.3;6.9;188;0.188;0.018371335504886;NA;"th";"AD4-10-8";"AD4-10-8";"8";"AD4-10-8";"8";NA;NA;NA;NA;NA;NA;NA;NA;"1.0504";"1.0645";"1.0511999999999999";"1.41E-2";"8.0000000000000004E-4";"0.94326241129999999";"94.32624113";"1.069";"1.1247";"1.0726";"5.57E-2";"3.5999999999999999E-3";"0.93536804309999999";"93.536804309999994";NA
"AD4-10-9";"B-P10";"Barro Branco";"BarroBranco2";"Ponto10";"Barro Branco";"Barro Branco Baixo";"Rio";45245;"30/08/2023";1;10;4;"Astyanax fasciatus";41.8;33.3;9.7;500;0.5;0.0358851674641148;NA;"th";"AD4-10-9";"AD4-10-9";"9";"AD4-10-9";"9";NA;NA;NA;NA;NA;NA;NA;NA;"1.0636000000000001";"1.0953999999999999";"1.0651999999999999";"3.1800000000000002E-2";"1.6000000000000001E-3";"0.94968553460000005";"94.968553459999995";"erro";"erro";"erro";"erro";"erro";"erro";"erro";86
"AD4-10-10";"B-P10";"Barro Branco";"BarroBranco2";"Ponto10";"Barro Branco";"Barro Branco Baixo";"Rio";45245;"30/08/2023";1;10;4;"Astyanax fasciatus";48.9;40;10.3;807;0.807;0.0495092024539877;NA;"th";"AD4-10-10";"AD4-10-10";"10";"AD4-10-10";"10";NA;NA;NA;NA;NA;NA;NA;NA;"1.0538000000000001";"1.0706";"1.056";"1.6799999999999999E-2";"2.2000000000000001E-3";"0.86904761900000005";"86.904761899999997";"1.0346";"1.0784";"1.0465";"4.3799999999999999E-2";"1.1900000000000001E-2";"0.72831050230000005";"72.831050230000002";56.35
"AD4-10-11";"B-P10";"Barro Branco";"BarroBranco2";"Ponto10";"Barro Branco";"Barro Branco Baixo";"Rio";45245;"30/08/2023";1;10;4;"Hemigrammus rodwayi";25.7;20.2;6.1;111;0.111;0.0129571984435798;NA;"th";"AD4-10-11";"AD4-10-11";"11";"AD4-10-11";"11";NA;NA;NA;NA;NA;NA;NA;NA;"1.0504";"1.0603";"1.0507";"9.9000000000000008E-3";"2.9999999999999997E-4";"0.96969696969999997";"96.969696970000001";NA;NA;NA;NA;NA;NA;NA;NA
"AD4-10-12";"B-P10";"Barro Branco";"BarroBranco2";"Ponto10";"Barro Branco";"Barro Branco Baixo";"Rio";45245;"30/08/2023";1;10;4;"Hemigrammus rodwayi";28.9;22.1;6.5;176;0.176;0.0182698961937716;NA;"th";"AD4-10-12";"AD4-10-12";"12";"AD4-10-12";"12";NA;NA;NA;NA;NA;NA;NA;NA;"1.0334000000000001";"1.0390999999999999";"1.0338000000000001";"5.7000000000000002E-3";"4.0000000000000002E-4";"0.92982456140000003";"92.982456139999996";NA;NA;NA;NA;NA;NA;NA;NA
"AD4-10-X:1";"B-P10";"Barro Branco";"BarroBranco2";"Ponto10";"Barro Branco";"Barro Branco Baixo";"Rio";45245;"30/08/2023";1;10;4;"Hemigrammus rodwayi";29.9;23.8;6.5;218;0.218;0.0218729096989967;NA;"xx";"AD4-10-X:1";NA;NA;NA;NA;NA;NA;NA;NA;NA;NA;NA;NA;NA;NA;NA;NA;NA;NA;NA;NA;NA;NA;NA;NA;NA;NA;NA
"AD4-10-X:2";"B-P10";"Barro Branco";"BarroBranco2";"Ponto10";"Barro Branco";"Barro Branco Baixo";"Rio";45245;"30/08/2023";1;10;4;"Hemigrammus rodwayi";29.3;23.2;6.3;200;0.2;0.0204778156996587;NA;"xx";"AD4-10-X:2";NA;NA;NA;NA;NA;NA;NA;NA;NA;NA;NA;NA;NA;NA;NA;NA;NA;NA;NA;NA;NA;NA;NA;NA;NA;NA;NA
"AD4-10-X:3";"B-P10";"Barro Branco";"BarroBranco2";"Ponto10";"Barro Branco";"Barro Branco Baixo";"Rio";45245;"30/08/2023";1;10;4;"Astyanax fasciatus";42.1;32.6;8.7;578;0.578;0.041187648456057;NA;"xx";"AD4-10-X:3";NA;NA;NA;NA;NA;NA;NA;NA;NA;NA;NA;NA;NA;NA;NA;NA;NA;NA;NA;NA;NA;NA;NA;NA;NA;NA;NA
"AD4-10-X:4";"B-P10";"Barro Branco";"BarroBranco2";"Ponto10";"Barro Branco";"Barro Branco Baixo";"Rio";45245;"30/08/2023";1;10;4;"Hemigrammus rodwayi";25.8;21.9;6.3;186;0.186;0.0216279069767442;NA;"xx";"AD4-10-X:4";NA;NA;NA;NA;NA;NA;NA;NA;NA;NA;NA;NA;NA;NA;NA;NA;NA;NA;NA;NA;NA;NA;NA;NA;NA;NA;NA
